INFO buildroot.py:704:  Mock Version: 6.8
DEBUG file_util.py:17:  ensuring that dir exists: /var/lib/mock/centos+epel-7-x86_64/root
DEBUG file_util.py:20:  created dir: /var/lib/mock/centos+epel-7-x86_64/root
DEBUG file_util.py:17:  ensuring that dir exists: /var/lib/mock/centos+epel-7-x86_64-bootstrap
DEBUG file_util.py:17:  ensuring that dir exists: /var/lib/mock/centos+epel-7-x86_64-bootstrap
DEBUG file_util.py:17:  ensuring that dir exists: /var/lib/mock/centos+epel-7-x86_64-bootstrap/root
DEBUG file_util.py:17:  ensuring that dir exists: /var/lib/mock/centos+epel-7-x86_64-bootstrap/results
INFO buildroot.py:321:  calling preinit hooks
DEBUG file_util.py:17:  ensuring that dir exists: /var/cache/mock/centos+epel-7-x86_64-bootstrap/root_cache/
DEBUG file_util.py:17:  ensuring that dir exists: /var/cache/mock/centos+epel-7-x86_64-bootstrap/yum_cache
DEBUG file_util.py:17:  ensuring that dir exists: /var/cache/mock/centos+epel-7-x86_64-bootstrap/dnf_cache
DEBUG buildroot.py:760:  create skeleton dirs
DEBUG file_util.py:17:  ensuring that dir exists: /var/lib/mock/centos+epel-7-x86_64-bootstrap/root/var/lib/rpm
DEBUG file_util.py:17:  ensuring that dir exists: /var/lib/mock/centos+epel-7-x86_64-bootstrap/root/var/lib/yum
DEBUG file_util.py:17:  ensuring that dir exists: /var/lib/mock/centos+epel-7-x86_64-bootstrap/root/var/lib/dbus
DEBUG file_util.py:17:  ensuring that dir exists: /var/lib/mock/centos+epel-7-x86_64-bootstrap/root/var/log
DEBUG file_util.py:17:  ensuring that dir exists: /var/lib/mock/centos+epel-7-x86_64-bootstrap/root/var/cache/dnf
DEBUG file_util.py:17:  ensuring that dir exists: /var/lib/mock/centos+epel-7-x86_64-bootstrap/root/var/cache/yum
DEBUG file_util.py:17:  ensuring that dir exists: /var/lib/mock/centos+epel-7-x86_64-bootstrap/root/etc/rpm
DEBUG file_util.py:17:  ensuring that dir exists: /var/lib/mock/centos+epel-7-x86_64-bootstrap/root/tmp
DEBUG file_util.py:17:  ensuring that dir exists: /var/lib/mock/centos+epel-7-x86_64-bootstrap/root/tmp/ccache
DEBUG file_util.py:17:  ensuring that dir exists: /var/lib/mock/centos+epel-7-x86_64-bootstrap/root/var/tmp
DEBUG file_util.py:17:  ensuring that dir exists: /var/lib/mock/centos+epel-7-x86_64-bootstrap/root/etc/dnf
DEBUG file_util.py:17:  ensuring that dir exists: /var/lib/mock/centos+epel-7-x86_64-bootstrap/root/etc/dnf/vars
DEBUG file_util.py:17:  ensuring that dir exists: /var/lib/mock/centos+epel-7-x86_64-bootstrap/root/etc/yum.repos.d
DEBUG file_util.py:20:  created dir: /var/lib/mock/centos+epel-7-x86_64-bootstrap/root/etc/yum.repos.d
DEBUG file_util.py:17:  ensuring that dir exists: /var/lib/mock/centos+epel-7-x86_64-bootstrap/root/etc/yum
DEBUG file_util.py:17:  ensuring that dir exists: /var/lib/mock/centos+epel-7-x86_64-bootstrap/root/proc
DEBUG file_util.py:17:  ensuring that dir exists: /var/lib/mock/centos+epel-7-x86_64-bootstrap/root/sys
DEBUG file_util.py:17:  ensuring that dir exists: /var/lib/mock/centos+epel-7-x86_64-bootstrap/root/dev/pts
DEBUG file_util.py:17:  ensuring that dir exists: /var/lib/mock/centos+epel-7-x86_64-bootstrap/root/dev/shm
DEBUG file_util.py:17:  ensuring that dir exists: /var/lib/mock/centos+epel-7-x86_64-bootstrap/root/dev/mapper
DEBUG file_util.py:20:  created dir: /var/lib/mock/centos+epel-7-x86_64-bootstrap/root/dev/mapper
DEBUG buildroot.py:904:  kernel version == 4.18.0-553.169.1.el8_10.x86_64
DEBUG file_util.py:29:  touching file: /var/lib/mock/centos+epel-7-x86_64-bootstrap/root/etc/fstab
DEBUG file_util.py:29:  touching file: /var/lib/mock/centos+epel-7-x86_64-bootstrap/root/etc/yum/yum.conf
DEBUG file_util.py:29:  touching file: /var/lib/mock/centos+epel-7-x86_64-bootstrap/root/etc/dnf/dnf.conf
DEBUG file_util.py:29:  touching file: /var/lib/mock/centos+epel-7-x86_64-bootstrap/root/var/log/yum.log
DEBUG buildroot.py:335:  rootdir = /var/lib/mock/centos+epel-7-x86_64-bootstrap/root
DEBUG buildroot.py:336:  resultdir = /var/lib/mock/centos+epel-7-x86_64-bootstrap/results
DEBUG package_manager.py:64:  searching for 'yum' package manager or alternatives
INFO buildroot.py:184:  Package manager yum detected and used (fallback)
DEBUG file_util.py:17:  ensuring that dir exists: /var/lib/mock/centos+epel-7-x86_64-bootstrap/root/etc/pki/mock
DEBUG package_manager.py:406:  copying CA trust dir into chroot: /etc/pki/ca-trust => /etc/pki/ca-trust
DEBUG file_util.py:191:  Updating files in /var/lib/mock/centos+epel-7-x86_64-bootstrap/root/etc/pki/ca-trust with files from /etc/pki/ca-trust
DEBUG file_util.py:17:  ensuring that dir exists: /var/lib/mock/centos+epel-7-x86_64-bootstrap/root/etc/pki/ca-trust
DEBUG file_util.py:17:  ensuring that dir exists: /var/lib/mock/centos+epel-7-x86_64-bootstrap/root/etc/pki/ca-trust/./extracted
DEBUG file_util.py:17:  ensuring that dir exists: /var/lib/mock/centos+epel-7-x86_64-bootstrap/root/etc/pki/ca-trust/./source
DEBUG file_util.py:17:  ensuring that dir exists: /var/lib/mock/centos+epel-7-x86_64-bootstrap/root/etc/pki/ca-trust/extracted/edk2
DEBUG file_util.py:17:  ensuring that dir exists: /var/lib/mock/centos+epel-7-x86_64-bootstrap/root/etc/pki/ca-trust/extracted/java
DEBUG file_util.py:17:  ensuring that dir exists: /var/lib/mock/centos+epel-7-x86_64-bootstrap/root/etc/pki/ca-trust/extracted/openssl
DEBUG file_util.py:17:  ensuring that dir exists: /var/lib/mock/centos+epel-7-x86_64-bootstrap/root/etc/pki/ca-trust/extracted/pem
DEBUG file_util.py:17:  ensuring that dir exists: /var/lib/mock/centos+epel-7-x86_64-bootstrap/root/etc/pki/ca-trust/source/anchors
DEBUG file_util.py:17:  ensuring that dir exists: /var/lib/mock/centos+epel-7-x86_64-bootstrap/root/etc/pki/ca-trust/source/blacklist
DEBUG package_manager.py:406:  copying CA trust dir into chroot: /usr/share/pki/ca-trust-source => /usr/share/pki/ca-trust-source
DEBUG file_util.py:191:  Updating files in /var/lib/mock/centos+epel-7-x86_64-bootstrap/root/usr/share/pki/ca-trust-source with files from /usr/share/pki/ca-trust-source
DEBUG file_util.py:17:  ensuring that dir exists: /var/lib/mock/centos+epel-7-x86_64-bootstrap/root/usr/share/pki/ca-trust-source
DEBUG file_util.py:17:  ensuring that dir exists: /var/lib/mock/centos+epel-7-x86_64-bootstrap/root/usr/share/pki/ca-trust-source/./anchors
DEBUG file_util.py:17:  ensuring that dir exists: /var/lib/mock/centos+epel-7-x86_64-bootstrap/root/usr/share/pki/ca-trust-source/./blacklist
DEBUG file_util.py:17:  ensuring that dir exists: /var/lib/mock/centos+epel-7-x86_64-bootstrap/root/usr/share
DEBUG package_manager.py:390:  Copying /usr/share/distribution-gpg-keys to the bootstrap chroot
DEBUG util.py:717:  child environment: None
DEBUG util.py:636:  Executing command: ['cp', '-a', '/usr/share/distribution-gpg-keys', '/var/lib/mock/centos+epel-7-x86_64-bootstrap/root/usr/share'] with env {'TERM': 'vt100', 'SHELL': '/bin/sh', 'HOME': '/builddir', 'HOSTNAME': 'mock', 'PATH': '/usr/bin:/bin:/usr/sbin:/sbin', 'LANG': 'C.UTF-8'} and shell False
DEBUG util.py:688:  Child return code was: 0
DEBUG file_util.py:17:  ensuring that dir exists: /var/lib/mock/centos+epel-7-x86_64-bootstrap/root/etc/yum/pluginconf.d
DEBUG package_manager.py:634:  configure yum
DEBUG package_manager.py:645:  configure yum priorities
DEBUG package_manager.py:647:  configure yum rhnplugin
DEBUG file_util.py:17:  ensuring that dir exists: /var/lib/mock/centos+epel-7-x86_64-bootstrap/root/var/cache/yum
DEBUG util.py:717:  child environment: None
DEBUG util.py:636:  Executing command: ['/bin/mount', '-n', '-o', 'bind', '/var/cache/mock/centos+epel-7-x86_64-bootstrap/yum_cache', '/var/lib/mock/centos+epel-7-x86_64-bootstrap/root/var/cache/yum'] with env {'TERM': 'vt100', 'SHELL': '/bin/sh', 'HOME': '/builddir', 'HOSTNAME': 'mock', 'PATH': '/usr/bin:/bin:/usr/sbin:/sbin', 'LANG': 'C.UTF-8'} and shell False
DEBUG util.py:688:  Child return code was: 0
DEBUG file_util.py:17:  ensuring that dir exists: /var/lib/mock/centos+epel-7-x86_64-bootstrap/root/var/cache/dnf
DEBUG util.py:717:  child environment: None
DEBUG util.py:636:  Executing command: ['/bin/mount', '-n', '-o', 'bind', '/var/cache/mock/centos+epel-7-x86_64-bootstrap/dnf_cache', '/var/lib/mock/centos+epel-7-x86_64-bootstrap/root/var/cache/dnf'] with env {'TERM': 'vt100', 'SHELL': '/bin/sh', 'HOME': '/builddir', 'HOSTNAME': 'mock', 'PATH': '/usr/bin:/bin:/usr/sbin:/sbin', 'LANG': 'C.UTF-8'} and shell False
DEBUG util.py:688:  Child return code was: 0
DEBUG file_util.py:17:  ensuring that dir exists: /var/lib/mock/centos+epel-7-x86_64-bootstrap/root/root/mock-localrepo
DEBUG util.py:717:  child environment: None
DEBUG util.py:636:  Executing command: ['/bin/mount', '-n', '-o', 'bind', '/root/mock-localrepo', '/var/lib/mock/centos+epel-7-x86_64-bootstrap/root/root/mock-localrepo'] with env {'TERM': 'vt100', 'SHELL': '/bin/sh', 'HOME': '/builddir', 'HOSTNAME': 'mock', 'PATH': '/usr/bin:/bin:/usr/sbin:/sbin', 'LANG': 'C.UTF-8'} and shell False
DEBUG util.py:688:  Child return code was: 0
DEBUG file_util.py:17:  ensuring that dir exists: /var/lib/mock/centos+epel-7-x86_64-bootstrap/root/etc
DEBUG file_util.py:17:  ensuring that dir exists: /var/lib/mock/centos+epel-7-x86_64-bootstrap/root/etc
DEBUG buildroot.py:39:  method _cleanup_homedir skipped in bootstrap
DEBUG buildroot.py:39:  method _setup_build_dirs skipped in bootstrap
DEBUG buildroot.py:39:  method _make_users skipped in bootstrap
DEBUG file_util.py:29:  touching file: /var/lib/mock/centos+epel-7-x86_64-bootstrap/root/.initialized
DEBUG file_util.py:17:  ensuring that dir exists: /var/lib/mock/centos+epel-7-x86_64
DEBUG file_util.py:17:  ensuring that dir exists: /var/lib/mock/centos+epel-7-x86_64/root
DEBUG file_util.py:17:  ensuring that dir exists: /var/lib/mock/centos+epel-7-x86_64/result
INFO buildroot.py:321:  calling preinit hooks
DEBUG file_util.py:17:  ensuring that dir exists: /var/cache/mock/centos+epel-7-x86_64/root_cache/
DEBUG file_util.py:17:  ensuring that dir exists: /var/lib/mock/centos+epel-7-x86_64/root
DEBUG util.py:717:  child environment: None
DEBUG util.py:636:  Executing command: ['/bin/tar', '--use-compress-program', 'pigz', '-xf', '/var/cache/mock/centos+epel-7-x86_64/root_cache/cache.tar.gz', '-C', '/var/lib/mock/centos+epel-7-x86_64/root'] with env {'TERM': 'vt100', 'SHELL': '/bin/sh', 'HOME': '/builddir', 'HOSTNAME': 'mock', 'PATH': '/usr/bin:/bin:/usr/sbin:/sbin', 'LANG': 'C.UTF-8'} and shell False
DEBUG util.py:688:  Child return code was: 0
DEBUG file_util.py:17:  ensuring that dir exists: /var/lib/mock/centos+epel-7-x86_64/root/./proc
DEBUG file_util.py:20:  created dir: /var/lib/mock/centos+epel-7-x86_64/root/./proc
DEBUG file_util.py:17:  ensuring that dir exists: /var/lib/mock/centos+epel-7-x86_64/root/./sys
DEBUG file_util.py:20:  created dir: /var/lib/mock/centos+epel-7-x86_64/root/./sys
DEBUG file_util.py:17:  ensuring that dir exists: /var/lib/mock/centos+epel-7-x86_64/root/./dev
DEBUG file_util.py:20:  created dir: /var/lib/mock/centos+epel-7-x86_64/root/./dev
DEBUG file_util.py:17:  ensuring that dir exists: /var/lib/mock/centos+epel-7-x86_64/root/./tmp/ccache
DEBUG file_util.py:20:  created dir: /var/lib/mock/centos+epel-7-x86_64/root/./tmp/ccache
DEBUG file_util.py:17:  ensuring that dir exists: /var/lib/mock/centos+epel-7-x86_64/root/./var/cache/yum
DEBUG file_util.py:20:  created dir: /var/lib/mock/centos+epel-7-x86_64/root/./var/cache/yum
DEBUG file_util.py:17:  ensuring that dir exists: /var/lib/mock/centos+epel-7-x86_64/root/./var/cache/dnf
DEBUG file_util.py:20:  created dir: /var/lib/mock/centos+epel-7-x86_64/root/./var/cache/dnf
DEBUG file_util.py:17:  ensuring that dir exists: /var/lib/mock/centos+epel-7-x86_64/root/./var/log
DEBUG file_util.py:20:  created dir: /var/lib/mock/centos+epel-7-x86_64/root/./var/log
DEBUG file_util.py:17:  ensuring that dir exists: /var/cache/mock/centos+epel-7-x86_64/yum_cache
DEBUG file_util.py:17:  ensuring that dir exists: /var/cache/mock/centos+epel-7-x86_64/dnf_cache
DEBUG util.py:717:  child environment: None
DEBUG util.py:636:  Executing command: ['/usr/bin/lscpu'] with env {'TERM': 'vt100', 'SHELL': '/bin/sh', 'HOME': '/builddir', 'HOSTNAME': 'mock', 'PATH': '/usr/bin:/bin:/usr/sbin:/sbin', 'LANG': 'C.UTF-8'} and shell False
DEBUG util.py:537:  Architecture:        x86_64
DEBUG util.py:537:  CPU op-mode(s):      32-bit, 64-bit
DEBUG util.py:537:  Byte Order:          Little Endian
DEBUG util.py:537:  CPU(s):              4
DEBUG util.py:537:  On-line CPU(s) list: 0-3
DEBUG util.py:537:  Thread(s) per core:  1
DEBUG util.py:537:  Core(s) per socket:  1
DEBUG util.py:537:  Socket(s):           4
DEBUG util.py:537:  NUMA node(s):        1
DEBUG util.py:537:  Vendor ID:           GenuineIntel
DEBUG util.py:537:  BIOS Vendor ID:      QEMU
DEBUG util.py:537:  CPU family:          6
DEBUG util.py:537:  Model:               190
DEBUG util.py:537:  Model name:          Intel(R) N150
DEBUG util.py:537:  BIOS Model name:     pc-q35-8.2
DEBUG util.py:537:  Stepping:            0
DEBUG util.py:537:  CPU MHz:             806.400
DEBUG util.py:537:  BogoMIPS:            1612.80
DEBUG util.py:537:  Hypervisor vendor:   KVM
DEBUG util.py:537:  Virtualization type: full
DEBUG util.py:537:  L1d cache:           32K
DEBUG util.py:537:  L1i cache:           32K
DEBUG util.py:537:  L2 cache:            4096K
DEBUG util.py:537:  L3 cache:            16384K
DEBUG util.py:537:  NUMA node0 CPU(s):   0-3
DEBUG util.py:537:  Flags:               fpu vme de pse tsc msr pae mce cx8 apic sep mtrr pge mca cmov pat pse36 clflush mmx fxsr sse sse2 ss syscall nx pdpe1gb rdtscp lm constant_tsc arch_perfmon rep_good nopl xtopology cpuid tsc_known_freq pni pclmulqdq ssse3 fma cx16 pdcm sse4_1 sse4_2 x2apic movbe popcnt tsc_deadline_timer aes xsave avx f16c rdrand hypervisor lahf_lm abm 3dnowprefetch cpuid_fault ssbd ibrs ibpb stibp ibrs_enhanced fsgsbase tsc_adjust bmi1 avx2 smep bmi2 erms invpcid rdseed adx smap clflushopt clwb sha_ni xsaveopt xsavec xgetbv1 xsaves avx_vnni arat umip pku ospke waitpkg gfni vaes vpclmulqdq rdpid movdiri movdir64b fsrm md_clear serialize flush_l1d arch_capabilities
DEBUG util.py:688:  Child return code was: 0
DEBUG util.py:717:  child environment: None
DEBUG util.py:636:  Executing command: ['/bin/free', '--human'] with env {'TERM': 'vt100', 'SHELL': '/bin/sh', 'HOME': '/builddir', 'HOSTNAME': 'mock', 'PATH': '/usr/bin:/bin:/usr/sbin:/sbin', 'LANG': 'C.UTF-8'} and shell False
DEBUG util.py:537:                total        used        free      shared  buff/cache   available
DEBUG util.py:537:  Mem:          3.6Gi       528Mi       116Mi        32Mi       2.9Gi       2.8Gi
DEBUG util.py:537:  Swap:         4.0Gi       317Mi       3.6Gi
DEBUG util.py:688:  Child return code was: 0
DEBUG util.py:717:  child environment: None
DEBUG util.py:636:  Executing command: ['/bin/df', '-H', '-T', '/var/lib/mock/centos+epel-7-x86_64/root', '/var/cache/mock'] with env {'TERM': 'vt100', 'SHELL': '/bin/sh', 'HOME': '/builddir', 'HOSTNAME': 'mock', 'PATH': '/usr/bin:/bin:/usr/sbin:/sbin', 'LANG': 'C.UTF-8'} and shell False
DEBUG util.py:537:  Filesystem     Type  Size  Used Avail Use% Mounted on
DEBUG util.py:537:  /dev/vda3      xfs    49G   24G   25G  50% /
DEBUG util.py:537:  /dev/vda3      xfs    49G   24G   25G  50% /
DEBUG util.py:688:  Child return code was: 0
DEBUG buildroot.py:760:  create skeleton dirs
DEBUG file_util.py:17:  ensuring that dir exists: /var/lib/mock/centos+epel-7-x86_64/root/var/lib/rpm
DEBUG file_util.py:17:  ensuring that dir exists: /var/lib/mock/centos+epel-7-x86_64/root/var/lib/yum
DEBUG file_util.py:17:  ensuring that dir exists: /var/lib/mock/centos+epel-7-x86_64/root/var/lib/dbus
DEBUG file_util.py:17:  ensuring that dir exists: /var/lib/mock/centos+epel-7-x86_64/root/var/log
DEBUG file_util.py:17:  ensuring that dir exists: /var/lib/mock/centos+epel-7-x86_64/root/var/cache/dnf
DEBUG file_util.py:17:  ensuring that dir exists: /var/lib/mock/centos+epel-7-x86_64/root/var/cache/yum
DEBUG file_util.py:17:  ensuring that dir exists: /var/lib/mock/centos+epel-7-x86_64/root/etc/rpm
DEBUG file_util.py:17:  ensuring that dir exists: /var/lib/mock/centos+epel-7-x86_64/root/tmp
DEBUG file_util.py:17:  ensuring that dir exists: /var/lib/mock/centos+epel-7-x86_64/root/tmp/ccache
DEBUG file_util.py:17:  ensuring that dir exists: /var/lib/mock/centos+epel-7-x86_64/root/var/tmp
DEBUG file_util.py:17:  ensuring that dir exists: /var/lib/mock/centos+epel-7-x86_64/root/etc/dnf
DEBUG file_util.py:17:  ensuring that dir exists: /var/lib/mock/centos+epel-7-x86_64/root/etc/dnf/vars
DEBUG file_util.py:17:  ensuring that dir exists: /var/lib/mock/centos+epel-7-x86_64/root/etc/yum.repos.d
DEBUG file_util.py:17:  ensuring that dir exists: /var/lib/mock/centos+epel-7-x86_64/root/etc/yum
DEBUG file_util.py:17:  ensuring that dir exists: /var/lib/mock/centos+epel-7-x86_64/root/proc
DEBUG file_util.py:17:  ensuring that dir exists: /var/lib/mock/centos+epel-7-x86_64/root/sys
DEBUG file_util.py:17:  ensuring that dir exists: /var/lib/mock/centos+epel-7-x86_64/root/dev/pts
DEBUG file_util.py:20:  created dir: /var/lib/mock/centos+epel-7-x86_64/root/dev/pts
DEBUG file_util.py:17:  ensuring that dir exists: /var/lib/mock/centos+epel-7-x86_64/root/dev/shm
DEBUG file_util.py:20:  created dir: /var/lib/mock/centos+epel-7-x86_64/root/dev/shm
DEBUG file_util.py:17:  ensuring that dir exists: /var/lib/mock/centos+epel-7-x86_64/root/dev/mapper
DEBUG file_util.py:20:  created dir: /var/lib/mock/centos+epel-7-x86_64/root/dev/mapper
DEBUG buildroot.py:904:  kernel version == 4.18.0-553.169.1.el8_10.x86_64
DEBUG file_util.py:29:  touching file: /var/lib/mock/centos+epel-7-x86_64/root/etc/fstab
DEBUG file_util.py:29:  touching file: /var/lib/mock/centos+epel-7-x86_64/root/etc/yum/yum.conf
DEBUG file_util.py:29:  touching file: /var/lib/mock/centos+epel-7-x86_64/root/etc/dnf/dnf.conf
DEBUG file_util.py:29:  touching file: /var/lib/mock/centos+epel-7-x86_64/root/var/log/yum.log
DEBUG buildroot.py:335:  rootdir = /var/lib/mock/centos+epel-7-x86_64/root
DEBUG buildroot.py:336:  resultdir = /var/lib/mock/centos+epel-7-x86_64/result
INFO buildroot.py:184:  Package manager yum detected and used (direct choice)
DEBUG file_util.py:17:  ensuring that dir exists: /var/lib/mock/centos+epel-7-x86_64/root/etc/pki/mock
DEBUG package_manager.py:406:  copying CA trust dir into chroot: /etc/pki/ca-trust => /etc/pki/ca-trust
DEBUG file_util.py:191:  Updating files in /var/lib/mock/centos+epel-7-x86_64/root/etc/pki/ca-trust with files from /etc/pki/ca-trust
DEBUG file_util.py:17:  ensuring that dir exists: /var/lib/mock/centos+epel-7-x86_64/root/etc/pki/ca-trust
DEBUG file_util.py:17:  ensuring that dir exists: /var/lib/mock/centos+epel-7-x86_64/root/etc/pki/ca-trust/./extracted
DEBUG file_util.py:17:  ensuring that dir exists: /var/lib/mock/centos+epel-7-x86_64/root/etc/pki/ca-trust/./source
DEBUG file_util.py:17:  ensuring that dir exists: /var/lib/mock/centos+epel-7-x86_64/root/etc/pki/ca-trust/extracted/edk2
DEBUG file_util.py:17:  ensuring that dir exists: /var/lib/mock/centos+epel-7-x86_64/root/etc/pki/ca-trust/extracted/java
DEBUG file_util.py:17:  ensuring that dir exists: /var/lib/mock/centos+epel-7-x86_64/root/etc/pki/ca-trust/extracted/openssl
DEBUG file_util.py:17:  ensuring that dir exists: /var/lib/mock/centos+epel-7-x86_64/root/etc/pki/ca-trust/extracted/pem
DEBUG file_util.py:17:  ensuring that dir exists: /var/lib/mock/centos+epel-7-x86_64/root/etc/pki/ca-trust/source/anchors
DEBUG file_util.py:17:  ensuring that dir exists: /var/lib/mock/centos+epel-7-x86_64/root/etc/pki/ca-trust/source/blacklist
DEBUG package_manager.py:406:  copying CA trust dir into chroot: /usr/share/pki/ca-trust-source => /usr/share/pki/ca-trust-source
DEBUG file_util.py:191:  Updating files in /var/lib/mock/centos+epel-7-x86_64/root/usr/share/pki/ca-trust-source with files from /usr/share/pki/ca-trust-source
DEBUG file_util.py:17:  ensuring that dir exists: /var/lib/mock/centos+epel-7-x86_64/root/usr/share/pki/ca-trust-source
DEBUG file_util.py:17:  ensuring that dir exists: /var/lib/mock/centos+epel-7-x86_64/root/usr/share/pki/ca-trust-source/./anchors
DEBUG file_util.py:17:  ensuring that dir exists: /var/lib/mock/centos+epel-7-x86_64/root/usr/share/pki/ca-trust-source/./blacklist
DEBUG file_util.py:17:  ensuring that dir exists: /var/lib/mock/centos+epel-7-x86_64/root/etc/yum/pluginconf.d
DEBUG package_manager.py:634:  configure yum
DEBUG package_manager.py:645:  configure yum priorities
DEBUG package_manager.py:647:  configure yum rhnplugin
DEBUG file_util.py:17:  ensuring that dir exists: /var/lib/mock/centos+epel-7-x86_64/root/var/cache/yum
DEBUG util.py:717:  child environment: None
DEBUG util.py:636:  Executing command: ['/bin/mount', '-n', '-o', 'bind', '/var/cache/mock/centos+epel-7-x86_64/yum_cache', '/var/lib/mock/centos+epel-7-x86_64/root/var/cache/yum'] with env {'TERM': 'vt100', 'SHELL': '/bin/sh', 'HOME': '/builddir', 'HOSTNAME': 'mock', 'PATH': '/usr/bin:/bin:/usr/sbin:/sbin', 'LANG': 'C.UTF-8'} and shell False
DEBUG util.py:688:  Child return code was: 0
DEBUG file_util.py:17:  ensuring that dir exists: /var/lib/mock/centos+epel-7-x86_64/root/var/cache/dnf
DEBUG util.py:717:  child environment: None
DEBUG util.py:636:  Executing command: ['/bin/mount', '-n', '-o', 'bind', '/var/cache/mock/centos+epel-7-x86_64/dnf_cache', '/var/lib/mock/centos+epel-7-x86_64/root/var/cache/dnf'] with env {'TERM': 'vt100', 'SHELL': '/bin/sh', 'HOME': '/builddir', 'HOSTNAME': 'mock', 'PATH': '/usr/bin:/bin:/usr/sbin:/sbin', 'LANG': 'C.UTF-8'} and shell False
DEBUG util.py:688:  Child return code was: 0
DEBUG file_util.py:29:  touching file: /var/lib/mock/centos+epel-7-x86_64/root/etc/resolv.conf
DEBUG util.py:717:  child environment: None
DEBUG util.py:631:  Using nspawn with args None
DEBUG util.py:636:  Executing command: ['/usr/bin/systemd-nspawn', '-q', '-M', 'e03cc9b072424c0298caa48a28547bdf', '-D', '/var/lib/mock/centos+epel-7-x86_64-bootstrap/root', '-a', '--setenv=TERM=vt100', '--setenv=SHELL=/bin/sh', '--setenv=HOME=/builddir', '--setenv=HOSTNAME=mock', '--setenv=PATH=/usr/bin:/bin:/usr/sbin:/sbin', '--setenv=LANG=C.UTF-8', 'rpm', '-q', 'rpm', 'rpm-sequoia', 'python3-dnf', 'python3-dnf-plugins-core', 'yum', 'yum-utils', 'dnf5', 'dnf5-plugins'] with env {'TERM': 'vt100', 'SHELL': '/bin/sh', 'HOME': '/builddir', 'HOSTNAME': 'mock', 'PATH': '/usr/bin:/bin:/usr/sbin:/sbin', 'LANG': 'C.UTF-8', 'SYSTEMD_NSPAWN_TMPFS_TMP': '0', 'SYSTEMD_SECCOMP': '0'} and shell False
DEBUG util.py:537:  rpm-4.11.3-45.el7.x86_64
DEBUG util.py:537:  package rpm-sequoia is not installed
DEBUG util.py:537:  package python3-dnf is not installed
DEBUG util.py:537:  package python3-dnf-plugins-core is not installed
DEBUG util.py:537:  yum-3.4.3-168.el7.centos.noarch
DEBUG util.py:537:  yum-utils-1.1.31-54.el7_8.noarch
DEBUG util.py:537:  package dnf5 is not installed
DEBUG util.py:537:  package dnf5-plugins is not installed
DEBUG util.py:688:  Child return code was: 5
INFO package_manager.py:202:  Buildroot is handled by package management downloaded with a bootstrap image:
  rpm-4.11.3-45.el7.x86_64
  yum-3.4.3-168.el7.centos.noarch
  yum-utils-1.1.31-54.el7_8.noarch
DEBUG file_util.py:17:  ensuring that dir exists: /var/lib/mock/centos+epel-7-x86_64-bootstrap/root/var/lib/mock/centos+epel-7-x86_64/root
DEBUG util.py:717:  child environment: None
DEBUG util.py:636:  Executing command: ['/bin/mount', '-n', '-t', 'tmpfs', '-o', 'private,mode=0755', 'tmpfs', '/var/lib/mock/centos+epel-7-x86_64-bootstrap/root/var/lib/mock/centos+epel-7-x86_64/root'] with env {'TERM': 'vt100', 'SHELL': '/bin/sh', 'HOME': '/builddir', 'HOSTNAME': 'mock', 'PATH': '/usr/bin:/bin:/usr/sbin:/sbin', 'LANG': 'C.UTF-8'} and shell False
DEBUG util.py:688:  Child return code was: 0
DEBUG file_util.py:17:  ensuring that dir exists: /var/lib/mock/centos+epel-7-x86_64-bootstrap/root/var/lib/mock/centos+epel-7-x86_64/root
DEBUG util.py:717:  child environment: None
DEBUG util.py:636:  Executing command: ['/bin/mount', '-n', '-o', 'rbind', '/var/lib/mock/centos+epel-7-x86_64/root', '/var/lib/mock/centos+epel-7-x86_64-bootstrap/root/var/lib/mock/centos+epel-7-x86_64/root'] with env {'TERM': 'vt100', 'SHELL': '/bin/sh', 'HOME': '/builddir', 'HOSTNAME': 'mock', 'PATH': '/usr/bin:/bin:/usr/sbin:/sbin', 'LANG': 'C.UTF-8'} and shell False
DEBUG util.py:688:  Child return code was: 0
DEBUG util.py:717:  child environment: None
DEBUG util.py:636:  Executing command: ['/bin/mount', '-n', '-o', 'remount,private,rbind', '--target', '/var/lib/mock/centos+epel-7-x86_64-bootstrap/root/var/lib/mock/centos+epel-7-x86_64/root'] with env {'TERM': 'vt100', 'SHELL': '/bin/sh', 'HOME': '/builddir', 'HOSTNAME': 'mock', 'PATH': '/usr/bin:/bin:/usr/sbin:/sbin', 'LANG': 'C.UTF-8'} and shell False
DEBUG util.py:688:  Child return code was: 0
DEBUG buildroot.py:723:  removing 3 rpm db files
DEBUG buildroot.py:728:  nuke_rpm_db: removing /var/lib/mock/centos+epel-7-x86_64-bootstrap/root/var/lib/rpm/__db.001
DEBUG buildroot.py:728:  nuke_rpm_db: removing /var/lib/mock/centos+epel-7-x86_64-bootstrap/root/var/lib/rpm/__db.002
DEBUG buildroot.py:728:  nuke_rpm_db: removing /var/lib/mock/centos+epel-7-x86_64-bootstrap/root/var/lib/rpm/__db.003
DEBUG util.py:717:  child environment: None
DEBUG util.py:631:  Using nspawn with args ['--capability=cap_ipc_lock', '--resolv-conf=off']
DEBUG util.py:636:  Executing command: ['/usr/bin/systemd-nspawn', '-q', '-M', 'ed9ca884ff484186853b8dd0f0dde8f0', '-D', '/var/lib/mock/centos+epel-7-x86_64-bootstrap/root', '-a', '--capability=cap_ipc_lock', '--resolv-conf=off', '--setenv=TERM=vt100', '--setenv=SHELL=/bin/bash', '--setenv=HOME=/builddir', '--setenv=HOSTNAME=mock', '--setenv=PATH=/usr/bin:/bin:/usr/sbin:/sbin', '--setenv=PROMPT_COMMAND=printf "\\033]0;<mock-chroot>\\007"', '--setenv=PS1=<mock-chroot> \\s-\\v\\$ ', '--setenv=LANG=C.UTF-8', '/bin/rpm', '-qa', '--root', '/var/lib/mock/centos+epel-7-x86_64/root'] with env {'TERM': 'vt100', 'SHELL': '/bin/bash', 'HOME': '/builddir', 'HOSTNAME': 'mock', 'PATH': '/usr/bin:/bin:/usr/sbin:/sbin', 'PROMPT_COMMAND': 'printf "\\033]0;<mock-chroot>\\007"', 'PS1': '<mock-chroot> \\s-\\v\\$ ', 'LANG': 'C.UTF-8', 'SYSTEMD_NSPAWN_TMPFS_TMP': '0', 'SYSTEMD_SECCOMP': '0'} and shell False
DEBUG util.py:537:  gpg-pubkey-352c64e5-52ae6884
DEBUG util.py:537:  centos-release-7-9.2009.2.el7.centos.x86_64
DEBUG util.py:537:  filesystem-3.2-25.el7.x86_64
DEBUG util.py:537:  python-rpm-macros-3-34.el7.noarch
DEBUG util.py:537:  ncurses-base-5.9-14.20130511.el7_4.noarch
DEBUG util.py:537:  kernel-headers-3.10.0-1160.119.1.el7.x86_64
DEBUG util.py:537:  nss-softokn-freebl-3.90.0-6.el7_9.x86_64
DEBUG util.py:537:  glibc-2.17-326.el7_9.3.x86_64
DEBUG util.py:537:  nss-util-3.90.0-1.el7_9.x86_64
DEBUG util.py:537:  ncurses-libs-5.9-14.20130511.el7_4.x86_64
DEBUG util.py:537:  libsepol-2.5-10.el7.x86_64
DEBUG util.py:537:  libselinux-2.5-15.el7.x86_64
DEBUG util.py:537:  info-5.1-5.el7.x86_64
DEBUG util.py:537:  xz-libs-5.2.2-2.el7_9.x86_64
DEBUG util.py:537:  libdb-5.3.21-25.el7.x86_64
DEBUG util.py:537:  gmp-6.0.0-15.el7.x86_64
DEBUG util.py:537:  libattr-2.4.46-13.el7.x86_64
DEBUG util.py:537:  libcap-2.22-11.el7.x86_64
DEBUG util.py:537:  libgpg-error-1.12-3.el7.x86_64
DEBUG util.py:537:  lua-5.1.4-15.el7.x86_64
DEBUG util.py:537:  mpfr-3.1.1-4.el7.x86_64
DEBUG util.py:537:  libffi-3.0.13-19.el7.x86_64
DEBUG util.py:537:  libcom_err-1.42.9-19.el7.x86_64
DEBUG util.py:537:  xz-5.2.2-2.el7_9.x86_64
DEBUG util.py:537:  findutils-4.5.11-6.el7.x86_64
DEBUG util.py:537:  cpio-2.11-28.el7.x86_64
DEBUG util.py:537:  expat-2.1.0-15.el7_9.x86_64
DEBUG util.py:537:  audit-libs-2.8.5-4.el7.x86_64
DEBUG util.py:537:  sqlite-3.7.17-8.el7_7.1.x86_64
DEBUG util.py:537:  tar-1.26-35.el7.x86_64
DEBUG util.py:537:  lz4-1.8.3-1.el7.x86_64
DEBUG util.py:537:  cpp-4.8.5-44.el7.x86_64
DEBUG util.py:537:  libassuan-2.1.0-3.el7.x86_64
DEBUG util.py:537:  patch-2.7.1-12.el7_7.x86_64
DEBUG util.py:537:  perl-parent-0.225-244.el7.noarch
DEBUG util.py:537:  perl-podlators-2.5.1-3.el7.noarch
DEBUG util.py:537:  perl-Pod-Escapes-1.04-299.el7_9.noarch
DEBUG util.py:537:  perl-Encode-2.51-7.el7.x86_64
DEBUG util.py:537:  perl-Time-HiRes-1.9725-3.el7.x86_64
DEBUG util.py:537:  perl-Storable-2.45-3.el7.x86_64
DEBUG util.py:537:  perl-Filter-1.49-3.el7.x86_64
DEBUG util.py:537:  perl-constant-1.27-2.el7.noarch
DEBUG util.py:537:  perl-macros-5.16.3-299.el7_9.x86_64
DEBUG util.py:537:  perl-File-Path-2.09-2.el7.noarch
DEBUG util.py:537:  perl-PathTools-3.40-5.el7.x86_64
DEBUG util.py:537:  perl-Scalar-List-Utils-1.27-248.el7.x86_64
DEBUG util.py:537:  perl-Pod-Simple-3.28-4.el7.noarch
DEBUG util.py:537:  perl-5.16.3-299.el7_9.x86_64
DEBUG util.py:537:  libdb-utils-5.3.21-25.el7.x86_64
DEBUG util.py:537:  kmod-libs-20-28.el7.x86_64
DEBUG util.py:537:  bzip2-1.0.6-13.el7.x86_64
DEBUG util.py:537:  zip-3.0-11.el7.x86_64
DEBUG util.py:537:  libgomp-4.8.5-44.el7.x86_64
DEBUG util.py:537:  glibc-devel-2.17-326.el7_9.3.x86_64
DEBUG util.py:537:  libstdc++-devel-4.8.5-44.el7.x86_64
DEBUG util.py:537:  libsmartcols-2.23.2-65.el7_9.1.x86_64
DEBUG util.py:537:  libsemanage-2.5-14.el7.x86_64
DEBUG util.py:537:  libtasn1-4.10-1.el7.x86_64
DEBUG util.py:537:  ca-certificates-2023.2.60_v7.0.306-72.el7_9.noarch
DEBUG util.py:537:  qrencode-libs-3.4.1-3.el7.x86_64
DEBUG util.py:537:  openssl-libs-1.0.2k-26.el7_9.x86_64
DEBUG util.py:537:  krb5-libs-1.15.1-55.el7_9.x86_64
DEBUG util.py:537:  gzip-1.5-11.el7_9.x86_64
DEBUG util.py:537:  libmount-2.23.2-65.el7_9.1.x86_64
DEBUG util.py:537:  shared-mime-info-1.8-5.el7.x86_64
DEBUG util.py:537:  shadow-utils-4.6-5.el7.x86_64
DEBUG util.py:537:  cracklib-dicts-2.9.0-11.el7.x86_64
DEBUG util.py:537:  libpwquality-1.2.3-5.el7.x86_64
DEBUG util.py:537:  gcc-4.8.5-44.el7.x86_64
DEBUG util.py:537:  nss-pem-1.0.3-7.el7_9.1.x86_64
DEBUG util.py:537:  nss-sysinit-3.90.0-2.el7_9.x86_64
DEBUG util.py:537:  python-libs-2.7.5-94.el7_9.x86_64
DEBUG util.py:537:  libssh2-1.8.0-4.el7_9.1.x86_64
DEBUG util.py:537:  curl-7.29.0-59.el7_9.2.x86_64
DEBUG util.py:537:  rpm-4.11.3-48.el7_9.x86_64
DEBUG util.py:537:  libuser-0.60-9.el7.x86_64
DEBUG util.py:537:  rpm-build-libs-4.11.3-48.el7_9.x86_64
DEBUG util.py:537:  lua-srpm-macros-1-13.el7.noarch
DEBUG util.py:537:  json-c-0.11-4.el7_0.x86_64
DEBUG util.py:537:  procps-ng-3.3.10-28.el7.x86_64
DEBUG util.py:537:  kpartx-0.4.9-136.el7_9.x86_64
DEBUG util.py:537:  cryptsetup-libs-2.0.3-6.el7.x86_64
DEBUG util.py:537:  kmod-20-28.el7.x86_64
DEBUG util.py:537:  systemd-libs-219-78.el7_9.9.x86_64
DEBUG util.py:537:  systemd-219-78.el7_9.9.x86_64
DEBUG util.py:537:  elfutils-default-yama-scope-0.176-5.el7.noarch
DEBUG util.py:537:  python2-rpm-macros-3-34.el7.noarch
DEBUG util.py:537:  rpm-build-4.11.3-48.el7_9.x86_64
DEBUG util.py:537:  make-3.82-24.el7.x86_64
DEBUG util.py:537:  epel-release-7-14.noarch
DEBUG util.py:537:  gpg-pubkey-f4a80eb5-53a7ff4b
DEBUG util.py:537:  libgcc-4.8.5-44.el7.x86_64
DEBUG util.py:537:  setup-2.8.71-11.el7.noarch
DEBUG util.py:537:  python-srpm-macros-3-34.el7.noarch
DEBUG util.py:537:  basesystem-10.0-7.el7.centos.noarch
DEBUG util.py:537:  perl-srpm-macros-1-8.el7.noarch
DEBUG util.py:537:  tzdata-2024a-1.el7.noarch
DEBUG util.py:537:  glibc-common-2.17-326.el7_9.3.x86_64
DEBUG util.py:537:  nspr-4.35.0-1.el7_9.x86_64
DEBUG util.py:537:  libstdc++-4.8.5-44.el7.x86_64
DEBUG util.py:537:  bash-4.2.46-35.el7_9.x86_64
DEBUG util.py:537:  pcre-8.32-17.el7.x86_64
DEBUG util.py:537:  zlib-1.2.7-21.el7_9.x86_64
DEBUG util.py:537:  bzip2-libs-1.0.6-13.el7.x86_64
DEBUG util.py:537:  elfutils-libelf-0.176-5.el7.x86_64
DEBUG util.py:537:  sed-4.2.2-7.el7.x86_64
DEBUG util.py:537:  popt-1.13-16.el7.x86_64
DEBUG util.py:537:  libacl-2.2.51-15.el7.x86_64
DEBUG util.py:537:  readline-6.2-11.el7.x86_64
DEBUG util.py:537:  libgcrypt-1.5.3-14.el7.x86_64
DEBUG util.py:537:  chkconfig-1.7.6-1.el7.x86_64
DEBUG util.py:537:  grep-2.20-3.el7.x86_64
DEBUG util.py:537:  libuuid-2.23.2-65.el7_9.1.x86_64
DEBUG util.py:537:  libmpc-1.0.1-3.el7.x86_64
DEBUG util.py:537:  gawk-4.0.2-4.el7_3.1.x86_64
DEBUG util.py:537:  diffutils-3.3-6.el7_9.x86_64
DEBUG util.py:537:  file-libs-5.11-37.el7.x86_64
DEBUG util.py:537:  libcap-ng-0.7.5-4.el7.x86_64
DEBUG util.py:537:  p11-kit-0.23.5-3.el7.x86_64
DEBUG util.py:537:  nss-softokn-3.90.0-6.el7_9.x86_64
DEBUG util.py:537:  gdbm-1.10-8.el7.x86_64
DEBUG util.py:537:  file-5.11-37.el7.x86_64
DEBUG util.py:537:  pinentry-0.8.1-17.el7.x86_64
DEBUG util.py:537:  acl-2.2.51-15.el7.x86_64
DEBUG util.py:537:  groff-base-1.22.2-8.el7.x86_64
DEBUG util.py:537:  perl-HTTP-Tiny-0.033-3.el7.noarch
DEBUG util.py:537:  perl-Pod-Perldoc-3.20-4.el7.noarch
DEBUG util.py:537:  perl-Text-ParseWords-3.29-4.el7.noarch
DEBUG util.py:537:  perl-Pod-Usage-1.63-3.el7.noarch
DEBUG util.py:537:  perl-threads-1.87-4.el7.x86_64
DEBUG util.py:537:  perl-Carp-1.26-244.el7.noarch
DEBUG util.py:537:  perl-Exporter-5.68-3.el7.noarch
DEBUG util.py:537:  perl-Socket-2.010-5.el7.x86_64
DEBUG util.py:537:  perl-Time-Local-1.2300-2.el7.noarch
DEBUG util.py:537:  perl-File-Temp-0.23.01-3.el7.noarch
DEBUG util.py:537:  perl-threads-shared-1.43-6.el7.x86_64
DEBUG util.py:537:  perl-libs-5.16.3-299.el7_9.x86_64
DEBUG util.py:537:  perl-Getopt-Long-2.40-3.el7.noarch
DEBUG util.py:537:  perl-Thread-Queue-3.02-2.el7.noarch
DEBUG util.py:537:  dwz-0.11-3.el7.x86_64
DEBUG util.py:537:  libxml2-2.9.1-6.el7_9.6.x86_64
DEBUG util.py:537:  unzip-6.0-24.el7_9.x86_64
DEBUG util.py:537:  libidn-1.28-4.el7.x86_64
DEBUG util.py:537:  glibc-headers-2.17-326.el7_9.3.x86_64
DEBUG util.py:537:  ncurses-5.9-14.20130511.el7_4.x86_64
DEBUG util.py:537:  pth-2.0.7-23.el7.x86_64
DEBUG util.py:537:  ustr-1.0.4-16.el7.x86_64
DEBUG util.py:537:  libverto-0.2.5-4.el7.x86_64
DEBUG util.py:537:  p11-kit-trust-0.23.5-3.el7.x86_64
DEBUG util.py:537:  hardlink-1.0-19.el7.x86_64
DEBUG util.py:537:  keyutils-libs-1.5.8-3.el7.x86_64
DEBUG util.py:537:  coreutils-8.22-24.el7_9.2.x86_64
DEBUG util.py:537:  libblkid-2.23.2-65.el7_9.1.x86_64
DEBUG util.py:537:  cracklib-2.9.0-11.el7.x86_64
DEBUG util.py:537:  glib2-2.56.1-9.el7_9.x86_64
DEBUG util.py:537:  binutils-2.27-44.base.el7_9.1.x86_64
DEBUG util.py:537:  pkgconfig-0.27.1-4.el7.x86_64
DEBUG util.py:537:  pam-1.1.8-23.el7.x86_64
DEBUG util.py:537:  libutempter-1.1.6-4.el7.x86_64
DEBUG util.py:537:  cyrus-sasl-lib-2.1.26-24.el7_9.x86_64
DEBUG util.py:537:  nss-3.90.0-2.el7_9.x86_64
DEBUG util.py:537:  nss-tools-3.90.0-2.el7_9.x86_64
DEBUG util.py:537:  gdb-7.6.1-120.el7.x86_64
DEBUG util.py:537:  libcurl-7.29.0-59.el7_9.2.x86_64
DEBUG util.py:537:  rpm-libs-4.11.3-48.el7_9.x86_64
DEBUG util.py:537:  openldap-2.4.44-25.el7_9.x86_64
DEBUG util.py:537:  gnupg2-2.0.22-5.el7_5.x86_64
DEBUG util.py:537:  perl-generators-epel-1-1.el7.noarch
DEBUG util.py:537:  redhat-rpm-config-9.1.0-88.el7.centos.noarch
DEBUG util.py:537:  util-linux-2.23.2-65.el7_9.1.x86_64
DEBUG util.py:537:  device-mapper-1.02.170-6.el7_9.5.x86_64
DEBUG util.py:537:  device-mapper-libs-1.02.170-6.el7_9.5.x86_64
DEBUG util.py:537:  dracut-033-572.el7.x86_64
DEBUG util.py:537:  elfutils-libs-0.176-5.el7.x86_64
DEBUG util.py:537:  dbus-libs-1.10.24-15.el7.x86_64
DEBUG util.py:537:  dbus-1.10.24-15.el7.x86_64
DEBUG util.py:537:  elfutils-0.176-5.el7.x86_64
DEBUG util.py:537:  epel-rpm-macros-7-38.noarch
DEBUG util.py:537:  gcc-c++-4.8.5-44.el7.x86_64
DEBUG util.py:537:  which-2.20-7.el7.x86_64
DEBUG util.py:688:  Child return code was: 0
DEBUG util.py:200:  kill orphans in chroot /var/lib/mock/centos+epel-7-x86_64/root
DEBUG util.py:200:  kill orphans in chroot /var/lib/mock/centos+epel-7-x86_64-bootstrap/root/var/lib/mock/centos+epel-7-x86_64/root
DEBUG util.py:717:  child environment: None
DEBUG util.py:636:  Executing command: ['/bin/umount', '-n', '-l', '/var/lib/mock/centos+epel-7-x86_64-bootstrap/root/var/lib/mock/centos+epel-7-x86_64/root'] with env {'TERM': 'vt100', 'SHELL': '/bin/sh', 'HOME': '/builddir', 'HOSTNAME': 'mock', 'PATH': '/usr/bin:/bin:/usr/sbin:/sbin', 'LANG': 'C.UTF-8'} and shell False
DEBUG util.py:688:  Child return code was: 0
DEBUG util.py:717:  child environment: None
DEBUG util.py:636:  Executing command: ['/bin/umount', '-n', '-l', '/var/lib/mock/centos+epel-7-x86_64-bootstrap/root/var/lib/mock/centos+epel-7-x86_64/root'] with env {'TERM': 'vt100', 'SHELL': '/bin/sh', 'HOME': '/builddir', 'HOSTNAME': 'mock', 'PATH': '/usr/bin:/bin:/usr/sbin:/sbin', 'LANG': 'C.UTF-8'} and shell False
DEBUG util.py:688:  Child return code was: 0
DEBUG file_util.py:17:  ensuring that dir exists: /var/lib/mock/centos+epel-7-x86_64/root/proc
DEBUG util.py:717:  child environment: None
DEBUG util.py:636:  Executing command: ['/bin/mount', '-n', '-t', 'tmpfs', '-o', 'rprivate,mode=0755', 'tmpfs', '/var/lib/mock/centos+epel-7-x86_64/root/proc'] with env {'TERM': 'vt100', 'SHELL': '/bin/sh', 'HOME': '/builddir', 'HOSTNAME': 'mock', 'PATH': '/usr/bin:/bin:/usr/sbin:/sbin', 'LANG': 'C.UTF-8'} and shell False
DEBUG util.py:688:  Child return code was: 0
DEBUG file_util.py:17:  ensuring that dir exists: /var/lib/mock/centos+epel-7-x86_64/root/proc
DEBUG util.py:717:  child environment: None
DEBUG util.py:636:  Executing command: ['/bin/mount', '-n', '-o', 'rbind', '/proc', '/var/lib/mock/centos+epel-7-x86_64/root/proc'] with env {'TERM': 'vt100', 'SHELL': '/bin/sh', 'HOME': '/builddir', 'HOSTNAME': 'mock', 'PATH': '/usr/bin:/bin:/usr/sbin:/sbin', 'LANG': 'C.UTF-8'} and shell False
DEBUG util.py:688:  Child return code was: 0
DEBUG util.py:717:  child environment: None
DEBUG util.py:636:  Executing command: ['/bin/mount', '-n', '-o', 'remount,nodev,noexec,nosuid,readonly,rprivate,rbind', '--target', '/var/lib/mock/centos+epel-7-x86_64/root/proc'] with env {'TERM': 'vt100', 'SHELL': '/bin/sh', 'HOME': '/builddir', 'HOSTNAME': 'mock', 'PATH': '/usr/bin:/bin:/usr/sbin:/sbin', 'LANG': 'C.UTF-8'} and shell False
DEBUG util.py:688:  Child return code was: 0
DEBUG file_util.py:17:  ensuring that dir exists: /var/lib/mock/centos+epel-7-x86_64/root/sys
DEBUG util.py:717:  child environment: None
DEBUG util.py:636:  Executing command: ['/bin/mount', '-n', '-t', 'tmpfs', '-o', 'rprivate,mode=0755', 'tmpfs', '/var/lib/mock/centos+epel-7-x86_64/root/sys'] with env {'TERM': 'vt100', 'SHELL': '/bin/sh', 'HOME': '/builddir', 'HOSTNAME': 'mock', 'PATH': '/usr/bin:/bin:/usr/sbin:/sbin', 'LANG': 'C.UTF-8'} and shell False
DEBUG util.py:688:  Child return code was: 0
DEBUG file_util.py:17:  ensuring that dir exists: /var/lib/mock/centos+epel-7-x86_64/root/sys
DEBUG util.py:717:  child environment: None
DEBUG util.py:636:  Executing command: ['/bin/mount', '-n', '-o', 'rbind', '/sys', '/var/lib/mock/centos+epel-7-x86_64/root/sys'] with env {'TERM': 'vt100', 'SHELL': '/bin/sh', 'HOME': '/builddir', 'HOSTNAME': 'mock', 'PATH': '/usr/bin:/bin:/usr/sbin:/sbin', 'LANG': 'C.UTF-8'} and shell False
DEBUG util.py:688:  Child return code was: 0
DEBUG util.py:717:  child environment: None
DEBUG util.py:636:  Executing command: ['/bin/mount', '-n', '-o', 'remount,nodev,noexec,nosuid,readonly,rprivate,rbind', '--target', '/var/lib/mock/centos+epel-7-x86_64/root/sys'] with env {'TERM': 'vt100', 'SHELL': '/bin/sh', 'HOME': '/builddir', 'HOSTNAME': 'mock', 'PATH': '/usr/bin:/bin:/usr/sbin:/sbin', 'LANG': 'C.UTF-8'} and shell False
DEBUG util.py:688:  Child return code was: 0
DEBUG file_util.py:17:  ensuring that dir exists: /var/lib/mock/centos+epel-7-x86_64/root/dev/shm
DEBUG util.py:717:  child environment: None
DEBUG util.py:636:  Executing command: ['/bin/mount', '-n', '-t', 'tmpfs', 'tmpfs', '/var/lib/mock/centos+epel-7-x86_64/root/dev/shm'] with env {'TERM': 'vt100', 'SHELL': '/bin/sh', 'HOME': '/builddir', 'HOSTNAME': 'mock', 'PATH': '/usr/bin:/bin:/usr/sbin:/sbin', 'LANG': 'C.UTF-8'} and shell False
DEBUG util.py:688:  Child return code was: 0
DEBUG file_util.py:17:  ensuring that dir exists: /var/lib/mock/centos+epel-7-x86_64/root/dev/pts
DEBUG util.py:717:  child environment: None
DEBUG util.py:636:  Executing command: ['/bin/mount', '-n', '-t', 'devpts', '-o', 'gid=5,mode=0620,ptmxmode=0666,newinstance', 'devpts', '/var/lib/mock/centos+epel-7-x86_64/root/dev/pts'] with env {'TERM': 'vt100', 'SHELL': '/bin/sh', 'HOME': '/builddir', 'HOSTNAME': 'mock', 'PATH': '/usr/bin:/bin:/usr/sbin:/sbin', 'LANG': 'C.UTF-8'} and shell False
DEBUG util.py:688:  Child return code was: 0
DEBUG util.py:717:  child environment: None
DEBUG util.py:636:  Executing command: ['/bin/mount', '-n', '-o', 'bind', '/tmp/mock-selinux-plugin.03hxehv0', '/var/lib/mock/centos+epel-7-x86_64/root/proc/filesystems'] with env {'TERM': 'vt100', 'SHELL': '/bin/sh', 'HOME': '/builddir', 'HOSTNAME': 'mock', 'PATH': '/usr/bin:/bin:/usr/sbin:/sbin', 'LANG': 'C.UTF-8'} and shell False
DEBUG util.py:688:  Child return code was: 0
DEBUG file_util.py:17:  ensuring that dir exists: /var/lib/mock/centos+epel-7-x86_64/root/sys/fs/selinux
DEBUG util.py:717:  child environment: None
DEBUG util.py:636:  Executing command: ['/bin/mount', '-n', '-t', 'tmpfs', 'tmpfs', '/var/lib/mock/centos+epel-7-x86_64/root/sys/fs/selinux'] with env {'TERM': 'vt100', 'SHELL': '/bin/sh', 'HOME': '/builddir', 'HOSTNAME': 'mock', 'PATH': '/usr/bin:/bin:/usr/sbin:/sbin', 'LANG': 'C.UTF-8'} and shell False
DEBUG util.py:688:  Child return code was: 0
DEBUG file_util.py:17:  ensuring that dir exists: /var/lib/mock/centos+epel-7-x86_64-bootstrap/root/var/lib/mock/centos+epel-7-x86_64/root
DEBUG util.py:717:  child environment: None
DEBUG util.py:636:  Executing command: ['/bin/mount', '-n', '-t', 'tmpfs', '-o', 'private,mode=0755', 'tmpfs', '/var/lib/mock/centos+epel-7-x86_64-bootstrap/root/var/lib/mock/centos+epel-7-x86_64/root'] with env {'TERM': 'vt100', 'SHELL': '/bin/sh', 'HOME': '/builddir', 'HOSTNAME': 'mock', 'PATH': '/usr/bin:/bin:/usr/sbin:/sbin', 'LANG': 'C.UTF-8'} and shell False
DEBUG util.py:688:  Child return code was: 0
DEBUG file_util.py:17:  ensuring that dir exists: /var/lib/mock/centos+epel-7-x86_64-bootstrap/root/var/lib/mock/centos+epel-7-x86_64/root
DEBUG util.py:717:  child environment: None
DEBUG util.py:636:  Executing command: ['/bin/mount', '-n', '-o', 'rbind', '/var/lib/mock/centos+epel-7-x86_64/root', '/var/lib/mock/centos+epel-7-x86_64-bootstrap/root/var/lib/mock/centos+epel-7-x86_64/root'] with env {'TERM': 'vt100', 'SHELL': '/bin/sh', 'HOME': '/builddir', 'HOSTNAME': 'mock', 'PATH': '/usr/bin:/bin:/usr/sbin:/sbin', 'LANG': 'C.UTF-8'} and shell False
DEBUG util.py:688:  Child return code was: 0
DEBUG util.py:717:  child environment: None
DEBUG util.py:636:  Executing command: ['/bin/mount', '-n', '-o', 'remount,private,rbind', '--target', '/var/lib/mock/centos+epel-7-x86_64-bootstrap/root/var/lib/mock/centos+epel-7-x86_64/root'] with env {'TERM': 'vt100', 'SHELL': '/bin/sh', 'HOME': '/builddir', 'HOSTNAME': 'mock', 'PATH': '/usr/bin:/bin:/usr/sbin:/sbin', 'LANG': 'C.UTF-8'} and shell False
DEBUG util.py:688:  Child return code was: 0
DEBUG file_util.py:17:  ensuring that dir exists: /var/lib/mock/centos+epel-7-x86_64/root/installation-homedir
DEBUG package_manager.py:296:  ['/usr/bin/yum', '--installroot', '/var/lib/mock/centos+epel-7-x86_64/root/', '-y', '--releasever', '7', 'update']
DEBUG util.py:717:  child environment: None
DEBUG util.py:631:  Using nspawn with args ['--capability=cap_ipc_lock', '--resolv-conf=off']
DEBUG util.py:636:  Executing command: ['/usr/bin/systemd-nspawn', '-q', '-M', '2a230e59832b48e69dbcbdf298f27c6a', '-D', '/var/lib/mock/centos+epel-7-x86_64-bootstrap/root', '-a', '--capability=cap_ipc_lock', '--resolv-conf=off', '--setenv=TERM=vt100', '--setenv=SHELL=/bin/bash', '--setenv=HOME=/var/lib/mock/centos+epel-7-x86_64/root/installation-homedir', '--setenv=HOSTNAME=mock', '--setenv=PATH=/usr/bin:/bin:/usr/sbin:/sbin', '--setenv=PROMPT_COMMAND=printf "\\033]0;<mock-chroot>\\007"', '--setenv=PS1=<mock-chroot> \\s-\\v\\$ ', '--setenv=LANG=C.UTF-8', '--setenv=LC_MESSAGES=C.UTF-8', '/usr/bin/yum', '--installroot', '/var/lib/mock/centos+epel-7-x86_64/root/', '-y', '--releasever', '7', 'update', '--setopt=tsflags=nocontexts'] with env {'TERM': 'vt100', 'SHELL': '/bin/bash', 'HOME': '/var/lib/mock/centos+epel-7-x86_64/root/installation-homedir', 'HOSTNAME': 'mock', 'PATH': '/usr/bin:/bin:/usr/sbin:/sbin', 'PROMPT_COMMAND': 'printf "\\033]0;<mock-chroot>\\007"', 'PS1': '<mock-chroot> \\s-\\v\\$ ', 'LANG': 'C.UTF-8', 'LC_MESSAGES': 'C.UTF-8', 'SYSTEMD_NSPAWN_TMPFS_TMP': '0', 'SYSTEMD_SECCOMP': '0'} and shell False
DEBUG util.py:535:  Failed to set locale, defaulting to C
DEBUG util.py:537:  base                                                     | 3.6 kB     00:00     
DEBUG util.py:537:  centos-sclo-rh                                           | 3.0 kB     00:00     
DEBUG util.py:537:  centos-sclo-sclo                                         | 3.0 kB     00:00     
DEBUG util.py:537:  epel                                                     | 4.3 kB     00:00     
DEBUG util.py:537:  extras                                                   | 2.9 kB     00:00     
DEBUG util.py:537:  mock-localrepo                                           | 3.0 kB     00:00     
DEBUG util.py:537:  updates                                                  | 2.9 kB     00:00     
DEBUG util.py:537:  mock-localrepo/primary_db                                  | 3.3 kB   00:00     
DEBUG util.py:537:  No packages marked for update
DEBUG util.py:688:  Child return code was: 0
DEBUG util.py:200:  kill orphans in chroot /var/lib/mock/centos+epel-7-x86_64/root
DEBUG util.py:200:  kill orphans in chroot /var/lib/mock/centos+epel-7-x86_64-bootstrap/root/var/lib/mock/centos+epel-7-x86_64/root
DEBUG util.py:717:  child environment: None
DEBUG util.py:636:  Executing command: ['/bin/umount', '-n', '-l', '/var/lib/mock/centos+epel-7-x86_64-bootstrap/root/var/lib/mock/centos+epel-7-x86_64/root'] with env {'TERM': 'vt100', 'SHELL': '/bin/sh', 'HOME': '/builddir', 'HOSTNAME': 'mock', 'PATH': '/usr/bin:/bin:/usr/sbin:/sbin', 'LANG': 'C.UTF-8'} and shell False
DEBUG util.py:688:  Child return code was: 0
DEBUG util.py:717:  child environment: None
DEBUG util.py:636:  Executing command: ['/bin/umount', '-n', '-l', '/var/lib/mock/centos+epel-7-x86_64-bootstrap/root/var/lib/mock/centos+epel-7-x86_64/root'] with env {'TERM': 'vt100', 'SHELL': '/bin/sh', 'HOME': '/builddir', 'HOSTNAME': 'mock', 'PATH': '/usr/bin:/bin:/usr/sbin:/sbin', 'LANG': 'C.UTF-8'} and shell False
DEBUG util.py:688:  Child return code was: 0
DEBUG util.py:717:  child environment: None
DEBUG util.py:636:  Executing command: ['/bin/umount', '-n', '-l', '/var/lib/mock/centos+epel-7-x86_64/root/sys/fs/selinux'] with env {'TERM': 'vt100', 'SHELL': '/bin/sh', 'HOME': '/builddir', 'HOSTNAME': 'mock', 'PATH': '/usr/bin:/bin:/usr/sbin:/sbin', 'LANG': 'C.UTF-8'} and shell False
DEBUG util.py:688:  Child return code was: 0
DEBUG util.py:717:  child environment: None
DEBUG util.py:636:  Executing command: ['/bin/umount', '-n', '/var/lib/mock/centos+epel-7-x86_64/root/proc/filesystems'] with env {'TERM': 'vt100', 'SHELL': '/bin/sh', 'HOME': '/builddir', 'HOSTNAME': 'mock', 'PATH': '/usr/bin:/bin:/usr/sbin:/sbin', 'LANG': 'C.UTF-8'} and shell False
DEBUG util.py:688:  Child return code was: 0
DEBUG util.py:717:  child environment: None
DEBUG util.py:636:  Executing command: ['/bin/umount', '-n', '-l', '/var/lib/mock/centos+epel-7-x86_64/root/dev/pts'] with env {'TERM': 'vt100', 'SHELL': '/bin/sh', 'HOME': '/builddir', 'HOSTNAME': 'mock', 'PATH': '/usr/bin:/bin:/usr/sbin:/sbin', 'LANG': 'C.UTF-8'} and shell False
DEBUG util.py:688:  Child return code was: 0
DEBUG util.py:717:  child environment: None
DEBUG util.py:636:  Executing command: ['/bin/umount', '-n', '-l', '/var/lib/mock/centos+epel-7-x86_64/root/dev/shm'] with env {'TERM': 'vt100', 'SHELL': '/bin/sh', 'HOME': '/builddir', 'HOSTNAME': 'mock', 'PATH': '/usr/bin:/bin:/usr/sbin:/sbin', 'LANG': 'C.UTF-8'} and shell False
DEBUG util.py:688:  Child return code was: 0
DEBUG util.py:717:  child environment: None
DEBUG util.py:636:  Executing command: ['/bin/umount', '-n', '-l', '/var/lib/mock/centos+epel-7-x86_64/root/sys'] with env {'TERM': 'vt100', 'SHELL': '/bin/sh', 'HOME': '/builddir', 'HOSTNAME': 'mock', 'PATH': '/usr/bin:/bin:/usr/sbin:/sbin', 'LANG': 'C.UTF-8'} and shell False
DEBUG util.py:688:  Child return code was: 0
DEBUG util.py:717:  child environment: None
DEBUG util.py:636:  Executing command: ['/bin/umount', '-n', '-l', '/var/lib/mock/centos+epel-7-x86_64/root/sys'] with env {'TERM': 'vt100', 'SHELL': '/bin/sh', 'HOME': '/builddir', 'HOSTNAME': 'mock', 'PATH': '/usr/bin:/bin:/usr/sbin:/sbin', 'LANG': 'C.UTF-8'} and shell False
DEBUG util.py:688:  Child return code was: 0
DEBUG util.py:717:  child environment: None
DEBUG util.py:636:  Executing command: ['/bin/umount', '-n', '-l', '/var/lib/mock/centos+epel-7-x86_64/root/proc'] with env {'TERM': 'vt100', 'SHELL': '/bin/sh', 'HOME': '/builddir', 'HOSTNAME': 'mock', 'PATH': '/usr/bin:/bin:/usr/sbin:/sbin', 'LANG': 'C.UTF-8'} and shell False
DEBUG util.py:688:  Child return code was: 0
DEBUG util.py:717:  child environment: None
DEBUG util.py:636:  Executing command: ['/bin/umount', '-n', '-l', '/var/lib/mock/centos+epel-7-x86_64/root/proc'] with env {'TERM': 'vt100', 'SHELL': '/bin/sh', 'HOME': '/builddir', 'HOSTNAME': 'mock', 'PATH': '/usr/bin:/bin:/usr/sbin:/sbin', 'LANG': 'C.UTF-8'} and shell False
DEBUG util.py:688:  Child return code was: 0
DEBUG file_util.py:17:  ensuring that dir exists: /var/lib/mock/centos+epel-7-x86_64-bootstrap/root/var/lib/mock/centos+epel-7-x86_64/root
DEBUG util.py:717:  child environment: None
DEBUG util.py:636:  Executing command: ['/bin/mount', '-n', '-t', 'tmpfs', '-o', 'private,mode=0755', 'tmpfs', '/var/lib/mock/centos+epel-7-x86_64-bootstrap/root/var/lib/mock/centos+epel-7-x86_64/root'] with env {'TERM': 'vt100', 'SHELL': '/bin/sh', 'HOME': '/builddir', 'HOSTNAME': 'mock', 'PATH': '/usr/bin:/bin:/usr/sbin:/sbin', 'LANG': 'C.UTF-8'} and shell False
DEBUG util.py:688:  Child return code was: 0
DEBUG file_util.py:17:  ensuring that dir exists: /var/lib/mock/centos+epel-7-x86_64-bootstrap/root/var/lib/mock/centos+epel-7-x86_64/root
DEBUG util.py:717:  child environment: None
DEBUG util.py:636:  Executing command: ['/bin/mount', '-n', '-o', 'rbind', '/var/lib/mock/centos+epel-7-x86_64/root', '/var/lib/mock/centos+epel-7-x86_64-bootstrap/root/var/lib/mock/centos+epel-7-x86_64/root'] with env {'TERM': 'vt100', 'SHELL': '/bin/sh', 'HOME': '/builddir', 'HOSTNAME': 'mock', 'PATH': '/usr/bin:/bin:/usr/sbin:/sbin', 'LANG': 'C.UTF-8'} and shell False
DEBUG util.py:688:  Child return code was: 0
DEBUG util.py:717:  child environment: None
DEBUG util.py:636:  Executing command: ['/bin/mount', '-n', '-o', 'remount,private,rbind', '--target', '/var/lib/mock/centos+epel-7-x86_64-bootstrap/root/var/lib/mock/centos+epel-7-x86_64/root'] with env {'TERM': 'vt100', 'SHELL': '/bin/sh', 'HOME': '/builddir', 'HOSTNAME': 'mock', 'PATH': '/usr/bin:/bin:/usr/sbin:/sbin', 'LANG': 'C.UTF-8'} and shell False
DEBUG util.py:688:  Child return code was: 0
DEBUG util.py:717:  child environment: None
DEBUG util.py:631:  Using nspawn with args ['--capability=cap_ipc_lock', '--resolv-conf=off']
DEBUG util.py:636:  Executing command: ['/usr/bin/systemd-nspawn', '-q', '-M', '311acf2bc5434041aefef467dc35d721', '-D', '/var/lib/mock/centos+epel-7-x86_64-bootstrap/root', '-a', '--capability=cap_ipc_lock', '--resolv-conf=off', '--setenv=TERM=vt100', '--setenv=SHELL=/bin/bash', '--setenv=HOME=/builddir', '--setenv=HOSTNAME=mock', '--setenv=PATH=/usr/bin:/bin:/usr/sbin:/sbin', '--setenv=PROMPT_COMMAND=printf "\\033]0;<mock-chroot>\\007"', '--setenv=PS1=<mock-chroot> \\s-\\v\\$ ', '--setenv=LANG=C.UTF-8', '/bin/rpm', '-qa', '--root', '/var/lib/mock/centos+epel-7-x86_64/root'] with env {'TERM': 'vt100', 'SHELL': '/bin/bash', 'HOME': '/builddir', 'HOSTNAME': 'mock', 'PATH': '/usr/bin:/bin:/usr/sbin:/sbin', 'PROMPT_COMMAND': 'printf "\\033]0;<mock-chroot>\\007"', 'PS1': '<mock-chroot> \\s-\\v\\$ ', 'LANG': 'C.UTF-8', 'SYSTEMD_NSPAWN_TMPFS_TMP': '0', 'SYSTEMD_SECCOMP': '0'} and shell False
DEBUG util.py:537:  gpg-pubkey-352c64e5-52ae6884
DEBUG util.py:537:  centos-release-7-9.2009.2.el7.centos.x86_64
DEBUG util.py:537:  filesystem-3.2-25.el7.x86_64
DEBUG util.py:537:  python-rpm-macros-3-34.el7.noarch
DEBUG util.py:537:  ncurses-base-5.9-14.20130511.el7_4.noarch
DEBUG util.py:537:  kernel-headers-3.10.0-1160.119.1.el7.x86_64
DEBUG util.py:537:  nss-softokn-freebl-3.90.0-6.el7_9.x86_64
DEBUG util.py:537:  glibc-2.17-326.el7_9.3.x86_64
DEBUG util.py:537:  nss-util-3.90.0-1.el7_9.x86_64
DEBUG util.py:537:  ncurses-libs-5.9-14.20130511.el7_4.x86_64
DEBUG util.py:537:  libsepol-2.5-10.el7.x86_64
DEBUG util.py:537:  libselinux-2.5-15.el7.x86_64
DEBUG util.py:537:  info-5.1-5.el7.x86_64
DEBUG util.py:537:  xz-libs-5.2.2-2.el7_9.x86_64
DEBUG util.py:537:  libdb-5.3.21-25.el7.x86_64
DEBUG util.py:537:  gmp-6.0.0-15.el7.x86_64
DEBUG util.py:537:  libattr-2.4.46-13.el7.x86_64
DEBUG util.py:537:  libcap-2.22-11.el7.x86_64
DEBUG util.py:537:  libgpg-error-1.12-3.el7.x86_64
DEBUG util.py:537:  lua-5.1.4-15.el7.x86_64
DEBUG util.py:537:  mpfr-3.1.1-4.el7.x86_64
DEBUG util.py:537:  libffi-3.0.13-19.el7.x86_64
DEBUG util.py:537:  libcom_err-1.42.9-19.el7.x86_64
DEBUG util.py:537:  xz-5.2.2-2.el7_9.x86_64
DEBUG util.py:537:  findutils-4.5.11-6.el7.x86_64
DEBUG util.py:537:  cpio-2.11-28.el7.x86_64
DEBUG util.py:537:  expat-2.1.0-15.el7_9.x86_64
DEBUG util.py:537:  audit-libs-2.8.5-4.el7.x86_64
DEBUG util.py:537:  sqlite-3.7.17-8.el7_7.1.x86_64
DEBUG util.py:537:  tar-1.26-35.el7.x86_64
DEBUG util.py:537:  lz4-1.8.3-1.el7.x86_64
DEBUG util.py:537:  cpp-4.8.5-44.el7.x86_64
DEBUG util.py:537:  libassuan-2.1.0-3.el7.x86_64
DEBUG util.py:537:  patch-2.7.1-12.el7_7.x86_64
DEBUG util.py:537:  perl-parent-0.225-244.el7.noarch
DEBUG util.py:537:  perl-podlators-2.5.1-3.el7.noarch
DEBUG util.py:537:  perl-Pod-Escapes-1.04-299.el7_9.noarch
DEBUG util.py:537:  perl-Encode-2.51-7.el7.x86_64
DEBUG util.py:537:  perl-Time-HiRes-1.9725-3.el7.x86_64
DEBUG util.py:537:  perl-Storable-2.45-3.el7.x86_64
DEBUG util.py:537:  perl-Filter-1.49-3.el7.x86_64
DEBUG util.py:537:  perl-constant-1.27-2.el7.noarch
DEBUG util.py:537:  perl-macros-5.16.3-299.el7_9.x86_64
DEBUG util.py:537:  perl-File-Path-2.09-2.el7.noarch
DEBUG util.py:537:  perl-PathTools-3.40-5.el7.x86_64
DEBUG util.py:537:  perl-Scalar-List-Utils-1.27-248.el7.x86_64
DEBUG util.py:537:  perl-Pod-Simple-3.28-4.el7.noarch
DEBUG util.py:537:  perl-5.16.3-299.el7_9.x86_64
DEBUG util.py:537:  libdb-utils-5.3.21-25.el7.x86_64
DEBUG util.py:537:  kmod-libs-20-28.el7.x86_64
DEBUG util.py:537:  bzip2-1.0.6-13.el7.x86_64
DEBUG util.py:537:  zip-3.0-11.el7.x86_64
DEBUG util.py:537:  libgomp-4.8.5-44.el7.x86_64
DEBUG util.py:537:  glibc-devel-2.17-326.el7_9.3.x86_64
DEBUG util.py:537:  libstdc++-devel-4.8.5-44.el7.x86_64
DEBUG util.py:537:  libsmartcols-2.23.2-65.el7_9.1.x86_64
DEBUG util.py:537:  libsemanage-2.5-14.el7.x86_64
DEBUG util.py:537:  libtasn1-4.10-1.el7.x86_64
DEBUG util.py:537:  ca-certificates-2023.2.60_v7.0.306-72.el7_9.noarch
DEBUG util.py:537:  qrencode-libs-3.4.1-3.el7.x86_64
DEBUG util.py:537:  openssl-libs-1.0.2k-26.el7_9.x86_64
DEBUG util.py:537:  krb5-libs-1.15.1-55.el7_9.x86_64
DEBUG util.py:537:  gzip-1.5-11.el7_9.x86_64
DEBUG util.py:537:  libmount-2.23.2-65.el7_9.1.x86_64
DEBUG util.py:537:  shared-mime-info-1.8-5.el7.x86_64
DEBUG util.py:537:  shadow-utils-4.6-5.el7.x86_64
DEBUG util.py:537:  cracklib-dicts-2.9.0-11.el7.x86_64
DEBUG util.py:537:  libpwquality-1.2.3-5.el7.x86_64
DEBUG util.py:537:  gcc-4.8.5-44.el7.x86_64
DEBUG util.py:537:  nss-pem-1.0.3-7.el7_9.1.x86_64
DEBUG util.py:537:  nss-sysinit-3.90.0-2.el7_9.x86_64
DEBUG util.py:537:  python-libs-2.7.5-94.el7_9.x86_64
DEBUG util.py:537:  libssh2-1.8.0-4.el7_9.1.x86_64
DEBUG util.py:537:  curl-7.29.0-59.el7_9.2.x86_64
DEBUG util.py:537:  rpm-4.11.3-48.el7_9.x86_64
DEBUG util.py:537:  libuser-0.60-9.el7.x86_64
DEBUG util.py:537:  rpm-build-libs-4.11.3-48.el7_9.x86_64
DEBUG util.py:537:  lua-srpm-macros-1-13.el7.noarch
DEBUG util.py:537:  json-c-0.11-4.el7_0.x86_64
DEBUG util.py:537:  procps-ng-3.3.10-28.el7.x86_64
DEBUG util.py:537:  kpartx-0.4.9-136.el7_9.x86_64
DEBUG util.py:537:  cryptsetup-libs-2.0.3-6.el7.x86_64
DEBUG util.py:537:  kmod-20-28.el7.x86_64
DEBUG util.py:537:  systemd-libs-219-78.el7_9.9.x86_64
DEBUG util.py:537:  systemd-219-78.el7_9.9.x86_64
DEBUG util.py:537:  elfutils-default-yama-scope-0.176-5.el7.noarch
DEBUG util.py:537:  python2-rpm-macros-3-34.el7.noarch
DEBUG util.py:537:  rpm-build-4.11.3-48.el7_9.x86_64
DEBUG util.py:537:  make-3.82-24.el7.x86_64
DEBUG util.py:537:  epel-release-7-14.noarch
DEBUG util.py:537:  gpg-pubkey-f4a80eb5-53a7ff4b
DEBUG util.py:537:  libgcc-4.8.5-44.el7.x86_64
DEBUG util.py:537:  setup-2.8.71-11.el7.noarch
DEBUG util.py:537:  python-srpm-macros-3-34.el7.noarch
DEBUG util.py:537:  basesystem-10.0-7.el7.centos.noarch
DEBUG util.py:537:  perl-srpm-macros-1-8.el7.noarch
DEBUG util.py:537:  tzdata-2024a-1.el7.noarch
DEBUG util.py:537:  glibc-common-2.17-326.el7_9.3.x86_64
DEBUG util.py:537:  nspr-4.35.0-1.el7_9.x86_64
DEBUG util.py:537:  libstdc++-4.8.5-44.el7.x86_64
DEBUG util.py:537:  bash-4.2.46-35.el7_9.x86_64
DEBUG util.py:537:  pcre-8.32-17.el7.x86_64
DEBUG util.py:537:  zlib-1.2.7-21.el7_9.x86_64
DEBUG util.py:537:  bzip2-libs-1.0.6-13.el7.x86_64
DEBUG util.py:537:  elfutils-libelf-0.176-5.el7.x86_64
DEBUG util.py:537:  sed-4.2.2-7.el7.x86_64
DEBUG util.py:537:  popt-1.13-16.el7.x86_64
DEBUG util.py:537:  libacl-2.2.51-15.el7.x86_64
DEBUG util.py:537:  readline-6.2-11.el7.x86_64
DEBUG util.py:537:  libgcrypt-1.5.3-14.el7.x86_64
DEBUG util.py:537:  chkconfig-1.7.6-1.el7.x86_64
DEBUG util.py:537:  grep-2.20-3.el7.x86_64
DEBUG util.py:537:  libuuid-2.23.2-65.el7_9.1.x86_64
DEBUG util.py:537:  libmpc-1.0.1-3.el7.x86_64
DEBUG util.py:537:  gawk-4.0.2-4.el7_3.1.x86_64
DEBUG util.py:537:  diffutils-3.3-6.el7_9.x86_64
DEBUG util.py:537:  file-libs-5.11-37.el7.x86_64
DEBUG util.py:537:  libcap-ng-0.7.5-4.el7.x86_64
DEBUG util.py:537:  p11-kit-0.23.5-3.el7.x86_64
DEBUG util.py:537:  nss-softokn-3.90.0-6.el7_9.x86_64
DEBUG util.py:537:  gdbm-1.10-8.el7.x86_64
DEBUG util.py:537:  file-5.11-37.el7.x86_64
DEBUG util.py:537:  pinentry-0.8.1-17.el7.x86_64
DEBUG util.py:537:  acl-2.2.51-15.el7.x86_64
DEBUG util.py:537:  groff-base-1.22.2-8.el7.x86_64
DEBUG util.py:537:  perl-HTTP-Tiny-0.033-3.el7.noarch
DEBUG util.py:537:  perl-Pod-Perldoc-3.20-4.el7.noarch
DEBUG util.py:537:  perl-Text-ParseWords-3.29-4.el7.noarch
DEBUG util.py:537:  perl-Pod-Usage-1.63-3.el7.noarch
DEBUG util.py:537:  perl-threads-1.87-4.el7.x86_64
DEBUG util.py:537:  perl-Carp-1.26-244.el7.noarch
DEBUG util.py:537:  perl-Exporter-5.68-3.el7.noarch
DEBUG util.py:537:  perl-Socket-2.010-5.el7.x86_64
DEBUG util.py:537:  perl-Time-Local-1.2300-2.el7.noarch
DEBUG util.py:537:  perl-File-Temp-0.23.01-3.el7.noarch
DEBUG util.py:537:  perl-threads-shared-1.43-6.el7.x86_64
DEBUG util.py:537:  perl-libs-5.16.3-299.el7_9.x86_64
DEBUG util.py:537:  perl-Getopt-Long-2.40-3.el7.noarch
DEBUG util.py:537:  perl-Thread-Queue-3.02-2.el7.noarch
DEBUG util.py:537:  dwz-0.11-3.el7.x86_64
DEBUG util.py:537:  libxml2-2.9.1-6.el7_9.6.x86_64
DEBUG util.py:537:  unzip-6.0-24.el7_9.x86_64
DEBUG util.py:537:  libidn-1.28-4.el7.x86_64
DEBUG util.py:537:  glibc-headers-2.17-326.el7_9.3.x86_64
DEBUG util.py:537:  ncurses-5.9-14.20130511.el7_4.x86_64
DEBUG util.py:537:  pth-2.0.7-23.el7.x86_64
DEBUG util.py:537:  ustr-1.0.4-16.el7.x86_64
DEBUG util.py:537:  libverto-0.2.5-4.el7.x86_64
DEBUG util.py:537:  p11-kit-trust-0.23.5-3.el7.x86_64
DEBUG util.py:537:  hardlink-1.0-19.el7.x86_64
DEBUG util.py:537:  keyutils-libs-1.5.8-3.el7.x86_64
DEBUG util.py:537:  coreutils-8.22-24.el7_9.2.x86_64
DEBUG util.py:537:  libblkid-2.23.2-65.el7_9.1.x86_64
DEBUG util.py:537:  cracklib-2.9.0-11.el7.x86_64
DEBUG util.py:537:  glib2-2.56.1-9.el7_9.x86_64
DEBUG util.py:537:  binutils-2.27-44.base.el7_9.1.x86_64
DEBUG util.py:537:  pkgconfig-0.27.1-4.el7.x86_64
DEBUG util.py:537:  pam-1.1.8-23.el7.x86_64
DEBUG util.py:537:  libutempter-1.1.6-4.el7.x86_64
DEBUG util.py:537:  cyrus-sasl-lib-2.1.26-24.el7_9.x86_64
DEBUG util.py:537:  nss-3.90.0-2.el7_9.x86_64
DEBUG util.py:537:  nss-tools-3.90.0-2.el7_9.x86_64
DEBUG util.py:537:  gdb-7.6.1-120.el7.x86_64
DEBUG util.py:537:  libcurl-7.29.0-59.el7_9.2.x86_64
DEBUG util.py:537:  rpm-libs-4.11.3-48.el7_9.x86_64
DEBUG util.py:537:  openldap-2.4.44-25.el7_9.x86_64
DEBUG util.py:537:  gnupg2-2.0.22-5.el7_5.x86_64
DEBUG util.py:537:  perl-generators-epel-1-1.el7.noarch
DEBUG util.py:537:  redhat-rpm-config-9.1.0-88.el7.centos.noarch
DEBUG util.py:537:  util-linux-2.23.2-65.el7_9.1.x86_64
DEBUG util.py:537:  device-mapper-1.02.170-6.el7_9.5.x86_64
DEBUG util.py:537:  device-mapper-libs-1.02.170-6.el7_9.5.x86_64
DEBUG util.py:537:  dracut-033-572.el7.x86_64
DEBUG util.py:537:  elfutils-libs-0.176-5.el7.x86_64
DEBUG util.py:537:  dbus-libs-1.10.24-15.el7.x86_64
DEBUG util.py:537:  dbus-1.10.24-15.el7.x86_64
DEBUG util.py:537:  elfutils-0.176-5.el7.x86_64
DEBUG util.py:537:  epel-rpm-macros-7-38.noarch
DEBUG util.py:537:  gcc-c++-4.8.5-44.el7.x86_64
DEBUG util.py:537:  which-2.20-7.el7.x86_64
DEBUG util.py:688:  Child return code was: 0
DEBUG util.py:200:  kill orphans in chroot /var/lib/mock/centos+epel-7-x86_64/root
DEBUG util.py:200:  kill orphans in chroot /var/lib/mock/centos+epel-7-x86_64-bootstrap/root/var/lib/mock/centos+epel-7-x86_64/root
DEBUG util.py:717:  child environment: None
DEBUG util.py:636:  Executing command: ['/bin/umount', '-n', '-l', '/var/lib/mock/centos+epel-7-x86_64-bootstrap/root/var/lib/mock/centos+epel-7-x86_64/root'] with env {'TERM': 'vt100', 'SHELL': '/bin/sh', 'HOME': '/builddir', 'HOSTNAME': 'mock', 'PATH': '/usr/bin:/bin:/usr/sbin:/sbin', 'LANG': 'C.UTF-8'} and shell False
DEBUG util.py:688:  Child return code was: 0
DEBUG util.py:717:  child environment: None
DEBUG util.py:636:  Executing command: ['/bin/umount', '-n', '-l', '/var/lib/mock/centos+epel-7-x86_64-bootstrap/root/var/lib/mock/centos+epel-7-x86_64/root'] with env {'TERM': 'vt100', 'SHELL': '/bin/sh', 'HOME': '/builddir', 'HOSTNAME': 'mock', 'PATH': '/usr/bin:/bin:/usr/sbin:/sbin', 'LANG': 'C.UTF-8'} and shell False
DEBUG util.py:688:  Child return code was: 0
DEBUG file_util.py:17:  ensuring that dir exists: /var/lib/mock/centos+epel-7-x86_64/root/builddir/build
DEBUG file_util.py:17:  ensuring that dir exists: /var/lib/mock/centos+epel-7-x86_64/root/builddir/build/RPMS
DEBUG file_util.py:20:  created dir: /var/lib/mock/centos+epel-7-x86_64/root/builddir/build/RPMS
DEBUG file_util.py:17:  ensuring that dir exists: /var/lib/mock/centos+epel-7-x86_64/root/builddir/build/SPECS
DEBUG file_util.py:20:  created dir: /var/lib/mock/centos+epel-7-x86_64/root/builddir/build/SPECS
DEBUG file_util.py:17:  ensuring that dir exists: /var/lib/mock/centos+epel-7-x86_64/root/builddir/build/SRPMS
DEBUG file_util.py:20:  created dir: /var/lib/mock/centos+epel-7-x86_64/root/builddir/build/SRPMS
DEBUG file_util.py:17:  ensuring that dir exists: /var/lib/mock/centos+epel-7-x86_64/root/builddir/build/SOURCES
DEBUG file_util.py:17:  ensuring that dir exists: /var/lib/mock/centos+epel-7-x86_64/root/builddir/build/BUILD
DEBUG file_util.py:20:  created dir: /var/lib/mock/centos+epel-7-x86_64/root/builddir/build/BUILD
DEBUG file_util.py:17:  ensuring that dir exists: /var/lib/mock/centos+epel-7-x86_64/root/builddir/build/BUILDROOT
DEBUG file_util.py:20:  created dir: /var/lib/mock/centos+epel-7-x86_64/root/builddir/build/BUILDROOT
DEBUG file_util.py:17:  ensuring that dir exists: /var/lib/mock/centos+epel-7-x86_64/root/builddir/build/originals
DEBUG file_util.py:20:  created dir: /var/lib/mock/centos+epel-7-x86_64/root/builddir/build/originals
DEBUG file_util.py:17:  ensuring that dir exists: /var/lib/mock/centos+epel-7-x86_64/root/builddir
DEBUG util.py:717:  child environment: None
DEBUG util.py:636:  Executing command: ['userdel', '-f', 'mockbuild', '--prefix', '/var/lib/mock/centos+epel-7-x86_64/root'] with env {'TERM': 'vt100', 'SHELL': '/bin/sh', 'HOME': '/builddir', 'HOSTNAME': 'mock', 'PATH': '/usr/bin:/bin:/usr/sbin:/sbin', 'LANG': 'C.UTF-8'} and shell False
DEBUG util.py:688:  Child return code was: 0
DEBUG util.py:717:  child environment: None
DEBUG util.py:636:  Executing command: ['groupdel', 'mock', '--prefix', '/var/lib/mock/centos+epel-7-x86_64/root'] with env {'TERM': 'vt100', 'SHELL': '/bin/sh', 'HOME': '/builddir', 'HOSTNAME': 'mock', 'PATH': '/usr/bin:/bin:/usr/sbin:/sbin', 'LANG': 'C.UTF-8'} and shell False
DEBUG util.py:688:  Child return code was: 0
DEBUG util.py:717:  child environment: None
DEBUG util.py:636:  Executing command: ['groupadd', 'mock', '-g', '135', '--prefix', '/var/lib/mock/centos+epel-7-x86_64/root'] with env {'TERM': 'vt100', 'SHELL': '/bin/sh', 'HOME': '/builddir', 'HOSTNAME': 'mock', 'PATH': '/usr/bin:/bin:/usr/sbin:/sbin', 'LANG': 'C.UTF-8'} and shell False
DEBUG util.py:688:  Child return code was: 0
DEBUG util.py:717:  child environment: None
DEBUG util.py:636:  Executing command: ['useradd', 'mockbuild', '-o', '-u', '0', '-g', '135', '-N', '-d', '/builddir', '--prefix', '/var/lib/mock/centos+epel-7-x86_64/root'] with env {'TERM': 'vt100', 'SHELL': '/bin/sh', 'HOME': '/builddir', 'HOSTNAME': 'mock', 'PATH': '/usr/bin:/bin:/usr/sbin:/sbin', 'LANG': 'C.UTF-8'} and shell False
DEBUG util.py:535:  useradd: warning: the home directory already exists.
DEBUG util.py:535:  Not copying any file from skel directory into it.
DEBUG util.py:535:  Creating mailbox file: File exists
DEBUG util.py:688:  Child return code was: 0
DEBUG file_util.py:29:  touching file: /var/lib/mock/centos+epel-7-x86_64/root/.initialized
DEBUG file_util.py:17:  ensuring that dir exists: /root/mock-localrepo
DEBUG file_util.py:17:  ensuring that dir exists: /var/lib/mock/centos+epel-7-x86_64/root/root/mock-localrepo
DEBUG file_util.py:20:  created dir: /var/lib/mock/centos+epel-7-x86_64/root/root/mock-localrepo
DEBUG file_util.py:17:  ensuring that dir exists: /var/lib/mock/centos+epel-7-x86_64/root/root/mock-localrepo
DEBUG util.py:717:  child environment: None
DEBUG util.py:636:  Executing command: ['/bin/mount', '-n', '-o', 'bind', '/root/mock-localrepo', '/var/lib/mock/centos+epel-7-x86_64/root/root/mock-localrepo'] with env {'TERM': 'vt100', 'SHELL': '/bin/sh', 'HOME': '/builddir', 'HOSTNAME': 'mock', 'PATH': '/usr/bin:/bin:/usr/sbin:/sbin', 'LANG': 'C.UTF-8'} and shell False
DEBUG util.py:688:  Child return code was: 0
DEBUG util.py:717:  child environment: None
DEBUG util.py:631:  Using nspawn with args ['--capability=cap_ipc_lock', '--bind=/dev/mapper/control', '--bind=/dev/fuse', '--bind=/dev/loop-control', '--bind=/dev/loop0', '--bind=/dev/loop1', '--bind=/dev/loop2', '--bind=/dev/loop3', '--bind=/dev/loop4', '--bind=/dev/loop5', '--bind=/dev/loop6', '--bind=/dev/loop7', '--bind=/dev/loop8', '--bind=/dev/loop9', '--bind=/dev/loop10', '--bind=/dev/loop11', '--resolv-conf=off']
DEBUG util.py:636:  Executing command: ['/usr/bin/systemd-nspawn', '-q', '-M', 'e6e76cd3ded94e6bbd7e5b4dae7fbe9b', '-D', '/var/lib/mock/centos+epel-7-x86_64/root', '-a', '-u', 'mockbuild', '--capability=cap_ipc_lock', '--bind=/dev/mapper/control', '--bind=/dev/fuse', '--bind=/dev/loop-control', '--bind=/dev/loop0', '--bind=/dev/loop1', '--bind=/dev/loop2', '--bind=/dev/loop3', '--bind=/dev/loop4', '--bind=/dev/loop5', '--bind=/dev/loop6', '--bind=/dev/loop7', '--bind=/dev/loop8', '--bind=/dev/loop9', '--bind=/dev/loop10', '--bind=/dev/loop11', '--resolv-conf=off', '--setenv=TERM=vt100', '--setenv=SHELL=/bin/bash', '--setenv=HOME=/builddir', '--setenv=HOSTNAME=mock', '--setenv=PATH=/usr/bin:/bin:/usr/sbin:/sbin', '--setenv=PROMPT_COMMAND=printf "\\033]0;<mock-chroot>\\007"', '--setenv=PS1=<mock-chroot> \\s-\\v\\$ ', '--setenv=LANG=C.UTF-8', '/bin/rpm', '-Uvh', '--nodeps', '/builddir/build/originals/modsecurity-3.0.17-1.el8.src.rpm'] with env {'TERM': 'vt100', 'SHELL': '/bin/bash', 'HOME': '/builddir', 'HOSTNAME': 'mock', 'PATH': '/usr/bin:/bin:/usr/sbin:/sbin', 'PROMPT_COMMAND': 'printf "\\033]0;<mock-chroot>\\007"', 'PS1': '<mock-chroot> \\s-\\v\\$ ', 'LANG': 'C.UTF-8', 'SYSTEMD_NSPAWN_TMPFS_TMP': '0', 'SYSTEMD_SECCOMP': '0'} and shell False
DEBUG util.py:537:  Updating / installing...
DEBUG util.py:537:  modsecurity-3.0.17-1.el8              ########################################
DEBUG util.py:688:  Child return code was: 0
DEBUG buildroot.py:723:  removing 3 rpm db files
DEBUG buildroot.py:728:  nuke_rpm_db: removing /var/lib/mock/centos+epel-7-x86_64/root/var/lib/rpm/__db.001
DEBUG buildroot.py:728:  nuke_rpm_db: removing /var/lib/mock/centos+epel-7-x86_64/root/var/lib/rpm/__db.002
DEBUG buildroot.py:728:  nuke_rpm_db: removing /var/lib/mock/centos+epel-7-x86_64/root/var/lib/rpm/__db.003
DEBUG util.py:717:  child environment: None
DEBUG util.py:631:  Using nspawn with args ['--capability=cap_ipc_lock', '--bind=/dev/mapper/control', '--bind=/dev/fuse', '--bind=/dev/loop-control', '--bind=/dev/loop0', '--bind=/dev/loop1', '--bind=/dev/loop2', '--bind=/dev/loop3', '--bind=/dev/loop4', '--bind=/dev/loop5', '--bind=/dev/loop6', '--bind=/dev/loop7', '--bind=/dev/loop8', '--bind=/dev/loop9', '--bind=/dev/loop10', '--bind=/dev/loop11', '--resolv-conf=off']
DEBUG util.py:636:  Executing command: ['/usr/bin/systemd-nspawn', '-q', '-M', '41f7223d244b45eb94f3b4d0d2482c6e', '-D', '/var/lib/mock/centos+epel-7-x86_64/root', '-a', '-u', 'mockbuild', '--capability=cap_ipc_lock', '--bind=/dev/mapper/control', '--bind=/dev/fuse', '--bind=/dev/loop-control', '--bind=/dev/loop0', '--bind=/dev/loop1', '--bind=/dev/loop2', '--bind=/dev/loop3', '--bind=/dev/loop4', '--bind=/dev/loop5', '--bind=/dev/loop6', '--bind=/dev/loop7', '--bind=/dev/loop8', '--bind=/dev/loop9', '--bind=/dev/loop10', '--bind=/dev/loop11', '--resolv-conf=off', '--setenv=TERM=vt100', '--setenv=SHELL=/bin/bash', '--setenv=HOME=/builddir', '--setenv=HOSTNAME=mock', '--setenv=PATH=/usr/bin:/bin:/usr/sbin:/sbin', '--setenv=PROMPT_COMMAND=printf "\\033]0;<mock-chroot>\\007"', '--setenv=PS1=<mock-chroot> \\s-\\v\\$ ', '--setenv=LANG=C.UTF-8', '/bin/rpm', '-qpl', '/builddir/build/originals/modsecurity-3.0.17-1.el8.src.rpm'] with env {'TERM': 'vt100', 'SHELL': '/bin/bash', 'HOME': '/builddir', 'HOSTNAME': 'mock', 'PATH': '/usr/bin:/bin:/usr/sbin:/sbin', 'PROMPT_COMMAND': 'printf "\\033]0;<mock-chroot>\\007"', 'PS1': '<mock-chroot> \\s-\\v\\$ ', 'LANG': 'C.UTF-8', 'SYSTEMD_NSPAWN_TMPFS_TMP': '0', 'SYSTEMD_SECCOMP': '0'} and shell False
DEBUG util.py:537:  modsecurity.spec
DEBUG util.py:537:  v3.0.17.tar.gz
DEBUG util.py:688:  Child return code was: 0
DEBUG buildroot.py:723:  removing 3 rpm db files
DEBUG buildroot.py:728:  nuke_rpm_db: removing /var/lib/mock/centos+epel-7-x86_64/root/var/lib/rpm/__db.001
DEBUG buildroot.py:728:  nuke_rpm_db: removing /var/lib/mock/centos+epel-7-x86_64/root/var/lib/rpm/__db.002
DEBUG buildroot.py:728:  nuke_rpm_db: removing /var/lib/mock/centos+epel-7-x86_64/root/var/lib/rpm/__db.003
DEBUG file_util.py:17:  ensuring that dir exists: /var/lib/mock/centos+epel-7-x86_64-bootstrap/root/var/lib/mock/centos+epel-7-x86_64/root
DEBUG util.py:717:  child environment: None
DEBUG util.py:636:  Executing command: ['/bin/mount', '-n', '-t', 'tmpfs', '-o', 'private,mode=0755', 'tmpfs', '/var/lib/mock/centos+epel-7-x86_64-bootstrap/root/var/lib/mock/centos+epel-7-x86_64/root'] with env {'TERM': 'vt100', 'SHELL': '/bin/sh', 'HOME': '/builddir', 'HOSTNAME': 'mock', 'PATH': '/usr/bin:/bin:/usr/sbin:/sbin', 'LANG': 'C.UTF-8'} and shell False
DEBUG util.py:688:  Child return code was: 0
DEBUG file_util.py:17:  ensuring that dir exists: /var/lib/mock/centos+epel-7-x86_64-bootstrap/root/var/lib/mock/centos+epel-7-x86_64/root
DEBUG util.py:717:  child environment: None
DEBUG util.py:636:  Executing command: ['/bin/mount', '-n', '-o', 'rbind', '/var/lib/mock/centos+epel-7-x86_64/root', '/var/lib/mock/centos+epel-7-x86_64-bootstrap/root/var/lib/mock/centos+epel-7-x86_64/root'] with env {'TERM': 'vt100', 'SHELL': '/bin/sh', 'HOME': '/builddir', 'HOSTNAME': 'mock', 'PATH': '/usr/bin:/bin:/usr/sbin:/sbin', 'LANG': 'C.UTF-8'} and shell False
DEBUG util.py:688:  Child return code was: 0
DEBUG util.py:717:  child environment: None
DEBUG util.py:636:  Executing command: ['/bin/mount', '-n', '-o', 'remount,private,rbind', '--target', '/var/lib/mock/centos+epel-7-x86_64-bootstrap/root/var/lib/mock/centos+epel-7-x86_64/root'] with env {'TERM': 'vt100', 'SHELL': '/bin/sh', 'HOME': '/builddir', 'HOSTNAME': 'mock', 'PATH': '/usr/bin:/bin:/usr/sbin:/sbin', 'LANG': 'C.UTF-8'} and shell False
DEBUG util.py:688:  Child return code was: 0
DEBUG util.py:717:  child environment: None
DEBUG util.py:631:  Using nspawn with args ['--capability=cap_ipc_lock', '--resolv-conf=off']
DEBUG util.py:636:  Executing command: ['/usr/bin/systemd-nspawn', '-q', '-M', '6148bc88a92e4de5ba97607e7e1b0abc', '-D', '/var/lib/mock/centos+epel-7-x86_64-bootstrap/root', '-a', '--capability=cap_ipc_lock', '--resolv-conf=off', '--setenv=TERM=vt100', '--setenv=SHELL=/bin/bash', '--setenv=HOME=/builddir', '--setenv=HOSTNAME=mock', '--setenv=PATH=/usr/bin:/bin:/usr/sbin:/sbin', '--setenv=PROMPT_COMMAND=printf "\\033]0;<mock-chroot>\\007"', '--setenv=PS1=<mock-chroot> \\s-\\v\\$ ', '--setenv=LANG=C.UTF-8', '/bin/rpm', '-qa', '--root', '/var/lib/mock/centos+epel-7-x86_64/root'] with env {'TERM': 'vt100', 'SHELL': '/bin/bash', 'HOME': '/builddir', 'HOSTNAME': 'mock', 'PATH': '/usr/bin:/bin:/usr/sbin:/sbin', 'PROMPT_COMMAND': 'printf "\\033]0;<mock-chroot>\\007"', 'PS1': '<mock-chroot> \\s-\\v\\$ ', 'LANG': 'C.UTF-8', 'SYSTEMD_NSPAWN_TMPFS_TMP': '0', 'SYSTEMD_SECCOMP': '0'} and shell False
DEBUG util.py:537:  gpg-pubkey-352c64e5-52ae6884
DEBUG util.py:537:  centos-release-7-9.2009.2.el7.centos.x86_64
DEBUG util.py:537:  filesystem-3.2-25.el7.x86_64
DEBUG util.py:537:  python-rpm-macros-3-34.el7.noarch
DEBUG util.py:537:  ncurses-base-5.9-14.20130511.el7_4.noarch
DEBUG util.py:537:  kernel-headers-3.10.0-1160.119.1.el7.x86_64
DEBUG util.py:537:  nss-softokn-freebl-3.90.0-6.el7_9.x86_64
DEBUG util.py:537:  glibc-2.17-326.el7_9.3.x86_64
DEBUG util.py:537:  nss-util-3.90.0-1.el7_9.x86_64
DEBUG util.py:537:  ncurses-libs-5.9-14.20130511.el7_4.x86_64
DEBUG util.py:537:  libsepol-2.5-10.el7.x86_64
DEBUG util.py:537:  libselinux-2.5-15.el7.x86_64
DEBUG util.py:537:  info-5.1-5.el7.x86_64
DEBUG util.py:537:  xz-libs-5.2.2-2.el7_9.x86_64
DEBUG util.py:537:  libdb-5.3.21-25.el7.x86_64
DEBUG util.py:537:  gmp-6.0.0-15.el7.x86_64
DEBUG util.py:537:  libattr-2.4.46-13.el7.x86_64
DEBUG util.py:537:  libcap-2.22-11.el7.x86_64
DEBUG util.py:537:  libgpg-error-1.12-3.el7.x86_64
DEBUG util.py:537:  lua-5.1.4-15.el7.x86_64
DEBUG util.py:537:  mpfr-3.1.1-4.el7.x86_64
DEBUG util.py:537:  libffi-3.0.13-19.el7.x86_64
DEBUG util.py:537:  libcom_err-1.42.9-19.el7.x86_64
DEBUG util.py:537:  xz-5.2.2-2.el7_9.x86_64
DEBUG util.py:537:  findutils-4.5.11-6.el7.x86_64
DEBUG util.py:537:  cpio-2.11-28.el7.x86_64
DEBUG util.py:537:  expat-2.1.0-15.el7_9.x86_64
DEBUG util.py:537:  audit-libs-2.8.5-4.el7.x86_64
DEBUG util.py:537:  sqlite-3.7.17-8.el7_7.1.x86_64
DEBUG util.py:537:  tar-1.26-35.el7.x86_64
DEBUG util.py:537:  lz4-1.8.3-1.el7.x86_64
DEBUG util.py:537:  cpp-4.8.5-44.el7.x86_64
DEBUG util.py:537:  libassuan-2.1.0-3.el7.x86_64
DEBUG util.py:537:  patch-2.7.1-12.el7_7.x86_64
DEBUG util.py:537:  perl-parent-0.225-244.el7.noarch
DEBUG util.py:537:  perl-podlators-2.5.1-3.el7.noarch
DEBUG util.py:537:  perl-Pod-Escapes-1.04-299.el7_9.noarch
DEBUG util.py:537:  perl-Encode-2.51-7.el7.x86_64
DEBUG util.py:537:  perl-Time-HiRes-1.9725-3.el7.x86_64
DEBUG util.py:537:  perl-Storable-2.45-3.el7.x86_64
DEBUG util.py:537:  perl-Filter-1.49-3.el7.x86_64
DEBUG util.py:537:  perl-constant-1.27-2.el7.noarch
DEBUG util.py:537:  perl-macros-5.16.3-299.el7_9.x86_64
DEBUG util.py:537:  perl-File-Path-2.09-2.el7.noarch
DEBUG util.py:537:  perl-PathTools-3.40-5.el7.x86_64
DEBUG util.py:537:  perl-Scalar-List-Utils-1.27-248.el7.x86_64
DEBUG util.py:537:  perl-Pod-Simple-3.28-4.el7.noarch
DEBUG util.py:537:  perl-5.16.3-299.el7_9.x86_64
DEBUG util.py:537:  libdb-utils-5.3.21-25.el7.x86_64
DEBUG util.py:537:  kmod-libs-20-28.el7.x86_64
DEBUG util.py:537:  bzip2-1.0.6-13.el7.x86_64
DEBUG util.py:537:  zip-3.0-11.el7.x86_64
DEBUG util.py:537:  libgomp-4.8.5-44.el7.x86_64
DEBUG util.py:537:  glibc-devel-2.17-326.el7_9.3.x86_64
DEBUG util.py:537:  libstdc++-devel-4.8.5-44.el7.x86_64
DEBUG util.py:537:  libsmartcols-2.23.2-65.el7_9.1.x86_64
DEBUG util.py:537:  libsemanage-2.5-14.el7.x86_64
DEBUG util.py:537:  libtasn1-4.10-1.el7.x86_64
DEBUG util.py:537:  ca-certificates-2023.2.60_v7.0.306-72.el7_9.noarch
DEBUG util.py:537:  qrencode-libs-3.4.1-3.el7.x86_64
DEBUG util.py:537:  openssl-libs-1.0.2k-26.el7_9.x86_64
DEBUG util.py:537:  krb5-libs-1.15.1-55.el7_9.x86_64
DEBUG util.py:537:  gzip-1.5-11.el7_9.x86_64
DEBUG util.py:537:  libmount-2.23.2-65.el7_9.1.x86_64
DEBUG util.py:537:  shared-mime-info-1.8-5.el7.x86_64
DEBUG util.py:537:  shadow-utils-4.6-5.el7.x86_64
DEBUG util.py:537:  cracklib-dicts-2.9.0-11.el7.x86_64
DEBUG util.py:537:  libpwquality-1.2.3-5.el7.x86_64
DEBUG util.py:537:  gcc-4.8.5-44.el7.x86_64
DEBUG util.py:537:  nss-pem-1.0.3-7.el7_9.1.x86_64
DEBUG util.py:537:  nss-sysinit-3.90.0-2.el7_9.x86_64
DEBUG util.py:537:  python-libs-2.7.5-94.el7_9.x86_64
DEBUG util.py:537:  libssh2-1.8.0-4.el7_9.1.x86_64
DEBUG util.py:537:  curl-7.29.0-59.el7_9.2.x86_64
DEBUG util.py:537:  rpm-4.11.3-48.el7_9.x86_64
DEBUG util.py:537:  libuser-0.60-9.el7.x86_64
DEBUG util.py:537:  rpm-build-libs-4.11.3-48.el7_9.x86_64
DEBUG util.py:537:  lua-srpm-macros-1-13.el7.noarch
DEBUG util.py:537:  json-c-0.11-4.el7_0.x86_64
DEBUG util.py:537:  procps-ng-3.3.10-28.el7.x86_64
DEBUG util.py:537:  kpartx-0.4.9-136.el7_9.x86_64
DEBUG util.py:537:  cryptsetup-libs-2.0.3-6.el7.x86_64
DEBUG util.py:537:  kmod-20-28.el7.x86_64
DEBUG util.py:537:  systemd-libs-219-78.el7_9.9.x86_64
DEBUG util.py:537:  systemd-219-78.el7_9.9.x86_64
DEBUG util.py:537:  elfutils-default-yama-scope-0.176-5.el7.noarch
DEBUG util.py:537:  python2-rpm-macros-3-34.el7.noarch
DEBUG util.py:537:  rpm-build-4.11.3-48.el7_9.x86_64
DEBUG util.py:537:  make-3.82-24.el7.x86_64
DEBUG util.py:537:  epel-release-7-14.noarch
DEBUG util.py:537:  gpg-pubkey-f4a80eb5-53a7ff4b
DEBUG util.py:537:  libgcc-4.8.5-44.el7.x86_64
DEBUG util.py:537:  setup-2.8.71-11.el7.noarch
DEBUG util.py:537:  python-srpm-macros-3-34.el7.noarch
DEBUG util.py:537:  basesystem-10.0-7.el7.centos.noarch
DEBUG util.py:537:  perl-srpm-macros-1-8.el7.noarch
DEBUG util.py:537:  tzdata-2024a-1.el7.noarch
DEBUG util.py:537:  glibc-common-2.17-326.el7_9.3.x86_64
DEBUG util.py:537:  nspr-4.35.0-1.el7_9.x86_64
DEBUG util.py:537:  libstdc++-4.8.5-44.el7.x86_64
DEBUG util.py:537:  bash-4.2.46-35.el7_9.x86_64
DEBUG util.py:537:  pcre-8.32-17.el7.x86_64
DEBUG util.py:537:  zlib-1.2.7-21.el7_9.x86_64
DEBUG util.py:537:  bzip2-libs-1.0.6-13.el7.x86_64
DEBUG util.py:537:  elfutils-libelf-0.176-5.el7.x86_64
DEBUG util.py:537:  sed-4.2.2-7.el7.x86_64
DEBUG util.py:537:  popt-1.13-16.el7.x86_64
DEBUG util.py:537:  libacl-2.2.51-15.el7.x86_64
DEBUG util.py:537:  readline-6.2-11.el7.x86_64
DEBUG util.py:537:  libgcrypt-1.5.3-14.el7.x86_64
DEBUG util.py:537:  chkconfig-1.7.6-1.el7.x86_64
DEBUG util.py:537:  grep-2.20-3.el7.x86_64
DEBUG util.py:537:  libuuid-2.23.2-65.el7_9.1.x86_64
DEBUG util.py:537:  libmpc-1.0.1-3.el7.x86_64
DEBUG util.py:537:  gawk-4.0.2-4.el7_3.1.x86_64
DEBUG util.py:537:  diffutils-3.3-6.el7_9.x86_64
DEBUG util.py:537:  file-libs-5.11-37.el7.x86_64
DEBUG util.py:537:  libcap-ng-0.7.5-4.el7.x86_64
DEBUG util.py:537:  p11-kit-0.23.5-3.el7.x86_64
DEBUG util.py:537:  nss-softokn-3.90.0-6.el7_9.x86_64
DEBUG util.py:537:  gdbm-1.10-8.el7.x86_64
DEBUG util.py:537:  file-5.11-37.el7.x86_64
DEBUG util.py:537:  pinentry-0.8.1-17.el7.x86_64
DEBUG util.py:537:  acl-2.2.51-15.el7.x86_64
DEBUG util.py:537:  groff-base-1.22.2-8.el7.x86_64
DEBUG util.py:537:  perl-HTTP-Tiny-0.033-3.el7.noarch
DEBUG util.py:537:  perl-Pod-Perldoc-3.20-4.el7.noarch
DEBUG util.py:537:  perl-Text-ParseWords-3.29-4.el7.noarch
DEBUG util.py:537:  perl-Pod-Usage-1.63-3.el7.noarch
DEBUG util.py:537:  perl-threads-1.87-4.el7.x86_64
DEBUG util.py:537:  perl-Carp-1.26-244.el7.noarch
DEBUG util.py:537:  perl-Exporter-5.68-3.el7.noarch
DEBUG util.py:537:  perl-Socket-2.010-5.el7.x86_64
DEBUG util.py:537:  perl-Time-Local-1.2300-2.el7.noarch
DEBUG util.py:537:  perl-File-Temp-0.23.01-3.el7.noarch
DEBUG util.py:537:  perl-threads-shared-1.43-6.el7.x86_64
DEBUG util.py:537:  perl-libs-5.16.3-299.el7_9.x86_64
DEBUG util.py:537:  perl-Getopt-Long-2.40-3.el7.noarch
DEBUG util.py:537:  perl-Thread-Queue-3.02-2.el7.noarch
DEBUG util.py:537:  dwz-0.11-3.el7.x86_64
DEBUG util.py:537:  libxml2-2.9.1-6.el7_9.6.x86_64
DEBUG util.py:537:  unzip-6.0-24.el7_9.x86_64
DEBUG util.py:537:  libidn-1.28-4.el7.x86_64
DEBUG util.py:537:  glibc-headers-2.17-326.el7_9.3.x86_64
DEBUG util.py:537:  ncurses-5.9-14.20130511.el7_4.x86_64
DEBUG util.py:537:  pth-2.0.7-23.el7.x86_64
DEBUG util.py:537:  ustr-1.0.4-16.el7.x86_64
DEBUG util.py:537:  libverto-0.2.5-4.el7.x86_64
DEBUG util.py:537:  p11-kit-trust-0.23.5-3.el7.x86_64
DEBUG util.py:537:  hardlink-1.0-19.el7.x86_64
DEBUG util.py:537:  keyutils-libs-1.5.8-3.el7.x86_64
DEBUG util.py:537:  coreutils-8.22-24.el7_9.2.x86_64
DEBUG util.py:537:  libblkid-2.23.2-65.el7_9.1.x86_64
DEBUG util.py:537:  cracklib-2.9.0-11.el7.x86_64
DEBUG util.py:537:  glib2-2.56.1-9.el7_9.x86_64
DEBUG util.py:537:  binutils-2.27-44.base.el7_9.1.x86_64
DEBUG util.py:537:  pkgconfig-0.27.1-4.el7.x86_64
DEBUG util.py:537:  pam-1.1.8-23.el7.x86_64
DEBUG util.py:537:  libutempter-1.1.6-4.el7.x86_64
DEBUG util.py:537:  cyrus-sasl-lib-2.1.26-24.el7_9.x86_64
DEBUG util.py:537:  nss-3.90.0-2.el7_9.x86_64
DEBUG util.py:537:  nss-tools-3.90.0-2.el7_9.x86_64
DEBUG util.py:537:  gdb-7.6.1-120.el7.x86_64
DEBUG util.py:537:  libcurl-7.29.0-59.el7_9.2.x86_64
DEBUG util.py:537:  rpm-libs-4.11.3-48.el7_9.x86_64
DEBUG util.py:537:  openldap-2.4.44-25.el7_9.x86_64
DEBUG util.py:537:  gnupg2-2.0.22-5.el7_5.x86_64
DEBUG util.py:537:  perl-generators-epel-1-1.el7.noarch
DEBUG util.py:537:  redhat-rpm-config-9.1.0-88.el7.centos.noarch
DEBUG util.py:537:  util-linux-2.23.2-65.el7_9.1.x86_64
DEBUG util.py:537:  device-mapper-1.02.170-6.el7_9.5.x86_64
DEBUG util.py:537:  device-mapper-libs-1.02.170-6.el7_9.5.x86_64
DEBUG util.py:537:  dracut-033-572.el7.x86_64
DEBUG util.py:537:  elfutils-libs-0.176-5.el7.x86_64
DEBUG util.py:537:  dbus-libs-1.10.24-15.el7.x86_64
DEBUG util.py:537:  dbus-1.10.24-15.el7.x86_64
DEBUG util.py:537:  elfutils-0.176-5.el7.x86_64
DEBUG util.py:537:  epel-rpm-macros-7-38.noarch
DEBUG util.py:537:  gcc-c++-4.8.5-44.el7.x86_64
DEBUG util.py:537:  which-2.20-7.el7.x86_64
DEBUG util.py:688:  Child return code was: 0
DEBUG util.py:200:  kill orphans in chroot /var/lib/mock/centos+epel-7-x86_64/root
DEBUG util.py:200:  kill orphans in chroot /var/lib/mock/centos+epel-7-x86_64-bootstrap/root/var/lib/mock/centos+epel-7-x86_64/root
DEBUG util.py:717:  child environment: None
DEBUG util.py:636:  Executing command: ['/bin/umount', '-n', '-l', '/var/lib/mock/centos+epel-7-x86_64-bootstrap/root/var/lib/mock/centos+epel-7-x86_64/root'] with env {'TERM': 'vt100', 'SHELL': '/bin/sh', 'HOME': '/builddir', 'HOSTNAME': 'mock', 'PATH': '/usr/bin:/bin:/usr/sbin:/sbin', 'LANG': 'C.UTF-8'} and shell False
DEBUG util.py:688:  Child return code was: 0
DEBUG util.py:717:  child environment: None
DEBUG util.py:636:  Executing command: ['/bin/umount', '-n', '-l', '/var/lib/mock/centos+epel-7-x86_64-bootstrap/root/var/lib/mock/centos+epel-7-x86_64/root'] with env {'TERM': 'vt100', 'SHELL': '/bin/sh', 'HOME': '/builddir', 'HOSTNAME': 'mock', 'PATH': '/usr/bin:/bin:/usr/sbin:/sbin', 'LANG': 'C.UTF-8'} and shell False
DEBUG util.py:688:  Child return code was: 0
DEBUG util.py:717:  child environment: None
DEBUG util.py:631:  Using nspawn with args ['--capability=cap_ipc_lock', '--bind=/dev/mapper/control', '--bind=/dev/fuse', '--bind=/dev/loop-control', '--bind=/dev/loop0', '--bind=/dev/loop1', '--bind=/dev/loop2', '--bind=/dev/loop3', '--bind=/dev/loop4', '--bind=/dev/loop5', '--bind=/dev/loop6', '--bind=/dev/loop7', '--bind=/dev/loop8', '--bind=/dev/loop9', '--bind=/dev/loop10', '--bind=/dev/loop11', '--resolv-conf=off']
DEBUG util.py:636:  Executing command: ['/usr/bin/systemd-nspawn', '-q', '-M', 'ef8ad1ae318d49d69ac846c6834a2465', '-D', '/var/lib/mock/centos+epel-7-x86_64/root', '-a', '--capability=cap_ipc_lock', '--bind=/dev/mapper/control', '--bind=/dev/fuse', '--bind=/dev/loop-control', '--bind=/dev/loop0', '--bind=/dev/loop1', '--bind=/dev/loop2', '--bind=/dev/loop3', '--bind=/dev/loop4', '--bind=/dev/loop5', '--bind=/dev/loop6', '--bind=/dev/loop7', '--bind=/dev/loop8', '--bind=/dev/loop9', '--bind=/dev/loop10', '--bind=/dev/loop11', '--resolv-conf=off', '--setenv=TERM=vt100', '--setenv=SHELL=/bin/bash', '--setenv=HOME=/builddir', '--setenv=HOSTNAME=mock', '--setenv=PATH=/usr/bin:/bin:/usr/sbin:/sbin', '--setenv=PROMPT_COMMAND=printf "\\033]0;<mock-chroot>\\007"', '--setenv=PS1=<mock-chroot> \\s-\\v\\$ ', '--setenv=LANG=C.UTF-8', '/bin/sh', '-c', 'rpmbuild --help'] with env {'TERM': 'vt100', 'SHELL': '/bin/bash', 'HOME': '/builddir', 'HOSTNAME': 'mock', 'PATH': '/usr/bin:/bin:/usr/sbin:/sbin', 'PROMPT_COMMAND': 'printf "\\033]0;<mock-chroot>\\007"', 'PS1': '<mock-chroot> \\s-\\v\\$ ', 'LANG': 'C.UTF-8', 'SYSTEMD_NSPAWN_TMPFS_TMP': '0', 'SYSTEMD_SECCOMP': '0'} and shell False
DEBUG util.py:537:  Usage: rpmbuild [OPTION...]
DEBUG util.py:537:  Build options with [ <specfile> | <tarball> | <source package> ]:
DEBUG util.py:537:    -bp                           build through %prep (unpack sources and apply
DEBUG util.py:537:                                  patches) from <specfile>
DEBUG util.py:537:    -bc                           build through %build (%prep, then compile)
DEBUG util.py:537:                                  from <specfile>
DEBUG util.py:537:    -bi                           build through %install (%prep, %build, then
DEBUG util.py:537:                                  install) from <specfile>
DEBUG util.py:537:    -bl                           verify %files section from <specfile>
DEBUG util.py:537:    -ba                           build source and binary packages from
DEBUG util.py:537:                                  <specfile>
DEBUG util.py:537:    -bb                           build binary package only from <specfile>
DEBUG util.py:537:    -bs                           build source package only from <specfile>
DEBUG util.py:537:    -tp                           build through %prep (unpack sources and apply
DEBUG util.py:537:                                  patches) from <tarball>
DEBUG util.py:537:    -tc                           build through %build (%prep, then compile)
DEBUG util.py:537:                                  from <tarball>
DEBUG util.py:537:    -ti                           build through %install (%prep, %build, then
DEBUG util.py:537:                                  install) from <tarball>
DEBUG util.py:537:    -ta                           build source and binary packages from <tarball>
DEBUG util.py:537:    -tb                           build binary package only from <tarball>
DEBUG util.py:537:    -ts                           build source package only from <tarball>
DEBUG util.py:537:    --rebuild                     build binary package from <source package>
DEBUG util.py:537:    --recompile                   build through %install (%prep, %build, then
DEBUG util.py:537:                                  install) from <source package>
DEBUG util.py:537:    --buildroot=DIRECTORY         override build root
DEBUG util.py:537:    --clean                       remove build tree when done
DEBUG util.py:537:    --nobuild                     do not execute any stages of the build
DEBUG util.py:537:    --nodeps                      do not verify build dependencies
DEBUG util.py:537:    --nodirtokens                 generate package header(s) compatible with
DEBUG util.py:537:                                  (legacy) rpm v3 packaging
DEBUG util.py:537:    --noclean                     do not execute %clean stage of the build
DEBUG util.py:537:    --nocheck                     do not execute %check stage of the build
DEBUG util.py:537:    --rmsource                    remove sources when done
DEBUG util.py:537:    --rmspec                      remove specfile when done
DEBUG util.py:537:    --short-circuit               skip straight to specified stage (only for c,i)
DEBUG util.py:537:    --target=CPU-VENDOR-OS        override target platform
DEBUG util.py:537:  Common options for all rpm modes and executables:
DEBUG util.py:537:    -D, --define='MACRO EXPR'     define MACRO with value EXPR
DEBUG util.py:537:    --undefine=MACRO              undefine MACRO
DEBUG util.py:537:    -E, --eval='EXPR'             print macro expansion of EXPR
DEBUG util.py:537:    --macros=<FILE:...>           read <FILE:...> instead of default file(s)
DEBUG util.py:537:    --noplugins                   don't enable any plugins
DEBUG util.py:537:    --nodigest                    don't verify package digest(s)
DEBUG util.py:537:    --nosignature                 don't verify package signature(s)
DEBUG util.py:537:    --rcfile=<FILE:...>           read <FILE:...> instead of default file(s)
DEBUG util.py:537:    -r, --root=ROOT               use ROOT as top level directory (default: "/")
DEBUG util.py:537:    --dbpath=DIRECTORY            use database in DIRECTORY
DEBUG util.py:537:    --querytags                   display known query tags
DEBUG util.py:537:    --showrc                      display final rpmrc and macro configuration
DEBUG util.py:537:    --quiet                       provide less detailed output
DEBUG util.py:537:    -v, --verbose                 provide more detailed output
DEBUG util.py:537:    --version                     print the version of rpm being used
DEBUG util.py:537:  Options implemented via popt alias/exec:
DEBUG util.py:537:    --with=<option>               enable configure <option> for build
DEBUG util.py:537:    --without=<option>            disable configure <option> for build
DEBUG util.py:537:    --buildpolicy=<policy>        set buildroot <policy> (e.g. compress man
DEBUG util.py:537:                                  pages)
DEBUG util.py:537:    --sign                        generate GPG signature (deprecated, use
DEBUG util.py:537:                                  command rpmsign instead)
DEBUG util.py:537:  Help options:
DEBUG util.py:537:    -?, --help                    Show this help message
DEBUG util.py:537:    --usage                       Display brief usage message
DEBUG util.py:688:  Child return code was: 0
DEBUG util.py:717:  child environment: None
DEBUG file_util.py:17:  ensuring that dir exists: /var/lib/mock/centos+epel-7-x86_64/root/proc
DEBUG util.py:717:  child environment: None
DEBUG util.py:636:  Executing command: ['/bin/mount', '-n', '-t', 'tmpfs', '-o', 'rprivate,mode=0755', 'tmpfs', '/var/lib/mock/centos+epel-7-x86_64/root/proc'] with env {'TERM': 'vt100', 'SHELL': '/bin/sh', 'HOME': '/builddir', 'HOSTNAME': 'mock', 'PATH': '/usr/bin:/bin:/usr/sbin:/sbin', 'LANG': 'C.UTF-8'} and shell False
DEBUG util.py:688:  Child return code was: 0
DEBUG file_util.py:17:  ensuring that dir exists: /var/lib/mock/centos+epel-7-x86_64/root/proc
DEBUG util.py:717:  child environment: None
DEBUG util.py:636:  Executing command: ['/bin/mount', '-n', '-o', 'rbind', '/proc', '/var/lib/mock/centos+epel-7-x86_64/root/proc'] with env {'TERM': 'vt100', 'SHELL': '/bin/sh', 'HOME': '/builddir', 'HOSTNAME': 'mock', 'PATH': '/usr/bin:/bin:/usr/sbin:/sbin', 'LANG': 'C.UTF-8'} and shell False
DEBUG util.py:688:  Child return code was: 0
DEBUG util.py:717:  child environment: None
DEBUG util.py:636:  Executing command: ['/bin/mount', '-n', '-o', 'remount,nodev,noexec,nosuid,readonly,rprivate,rbind', '--target', '/var/lib/mock/centos+epel-7-x86_64/root/proc'] with env {'TERM': 'vt100', 'SHELL': '/bin/sh', 'HOME': '/builddir', 'HOSTNAME': 'mock', 'PATH': '/usr/bin:/bin:/usr/sbin:/sbin', 'LANG': 'C.UTF-8'} and shell False
DEBUG util.py:688:  Child return code was: 0
DEBUG file_util.py:17:  ensuring that dir exists: /var/lib/mock/centos+epel-7-x86_64/root/sys
DEBUG util.py:717:  child environment: None
DEBUG util.py:636:  Executing command: ['/bin/mount', '-n', '-t', 'tmpfs', '-o', 'rprivate,mode=0755', 'tmpfs', '/var/lib/mock/centos+epel-7-x86_64/root/sys'] with env {'TERM': 'vt100', 'SHELL': '/bin/sh', 'HOME': '/builddir', 'HOSTNAME': 'mock', 'PATH': '/usr/bin:/bin:/usr/sbin:/sbin', 'LANG': 'C.UTF-8'} and shell False
DEBUG util.py:688:  Child return code was: 0
DEBUG file_util.py:17:  ensuring that dir exists: /var/lib/mock/centos+epel-7-x86_64/root/sys
DEBUG util.py:717:  child environment: None
DEBUG util.py:636:  Executing command: ['/bin/mount', '-n', '-o', 'rbind', '/sys', '/var/lib/mock/centos+epel-7-x86_64/root/sys'] with env {'TERM': 'vt100', 'SHELL': '/bin/sh', 'HOME': '/builddir', 'HOSTNAME': 'mock', 'PATH': '/usr/bin:/bin:/usr/sbin:/sbin', 'LANG': 'C.UTF-8'} and shell False
DEBUG util.py:688:  Child return code was: 0
DEBUG util.py:717:  child environment: None
DEBUG util.py:636:  Executing command: ['/bin/mount', '-n', '-o', 'remount,nodev,noexec,nosuid,readonly,rprivate,rbind', '--target', '/var/lib/mock/centos+epel-7-x86_64/root/sys'] with env {'TERM': 'vt100', 'SHELL': '/bin/sh', 'HOME': '/builddir', 'HOSTNAME': 'mock', 'PATH': '/usr/bin:/bin:/usr/sbin:/sbin', 'LANG': 'C.UTF-8'} and shell False
DEBUG util.py:688:  Child return code was: 0
DEBUG file_util.py:17:  ensuring that dir exists: /var/lib/mock/centos+epel-7-x86_64/root/dev/shm
DEBUG util.py:717:  child environment: None
DEBUG util.py:636:  Executing command: ['/bin/mount', '-n', '-t', 'tmpfs', 'tmpfs', '/var/lib/mock/centos+epel-7-x86_64/root/dev/shm'] with env {'TERM': 'vt100', 'SHELL': '/bin/sh', 'HOME': '/builddir', 'HOSTNAME': 'mock', 'PATH': '/usr/bin:/bin:/usr/sbin:/sbin', 'LANG': 'C.UTF-8'} and shell False
DEBUG util.py:688:  Child return code was: 0
DEBUG file_util.py:17:  ensuring that dir exists: /var/lib/mock/centos+epel-7-x86_64/root/dev/pts
DEBUG util.py:717:  child environment: None
DEBUG util.py:636:  Executing command: ['/bin/mount', '-n', '-t', 'devpts', '-o', 'gid=5,mode=0620,ptmxmode=0666,newinstance', 'devpts', '/var/lib/mock/centos+epel-7-x86_64/root/dev/pts'] with env {'TERM': 'vt100', 'SHELL': '/bin/sh', 'HOME': '/builddir', 'HOSTNAME': 'mock', 'PATH': '/usr/bin:/bin:/usr/sbin:/sbin', 'LANG': 'C.UTF-8'} and shell False
DEBUG util.py:688:  Child return code was: 0
DEBUG util.py:717:  child environment: None
DEBUG util.py:636:  Executing command: ['/bin/mount', '-n', '-o', 'bind', '/tmp/mock-selinux-plugin.03hxehv0', '/var/lib/mock/centos+epel-7-x86_64/root/proc/filesystems'] with env {'TERM': 'vt100', 'SHELL': '/bin/sh', 'HOME': '/builddir', 'HOSTNAME': 'mock', 'PATH': '/usr/bin:/bin:/usr/sbin:/sbin', 'LANG': 'C.UTF-8'} and shell False
DEBUG util.py:688:  Child return code was: 0
DEBUG file_util.py:17:  ensuring that dir exists: /var/lib/mock/centos+epel-7-x86_64/root/sys/fs/selinux
DEBUG util.py:717:  child environment: None
DEBUG util.py:636:  Executing command: ['/bin/mount', '-n', '-t', 'tmpfs', 'tmpfs', '/var/lib/mock/centos+epel-7-x86_64/root/sys/fs/selinux'] with env {'TERM': 'vt100', 'SHELL': '/bin/sh', 'HOME': '/builddir', 'HOSTNAME': 'mock', 'PATH': '/usr/bin:/bin:/usr/sbin:/sbin', 'LANG': 'C.UTF-8'} and shell False
DEBUG util.py:688:  Child return code was: 0
DEBUG file_util.py:17:  ensuring that dir exists: /var/lib/mock/centos+epel-7-x86_64-bootstrap/root/var/lib/mock/centos+epel-7-x86_64/root
DEBUG util.py:717:  child environment: None
DEBUG util.py:636:  Executing command: ['/bin/mount', '-n', '-t', 'tmpfs', '-o', 'private,mode=0755', 'tmpfs', '/var/lib/mock/centos+epel-7-x86_64-bootstrap/root/var/lib/mock/centos+epel-7-x86_64/root'] with env {'TERM': 'vt100', 'SHELL': '/bin/sh', 'HOME': '/builddir', 'HOSTNAME': 'mock', 'PATH': '/usr/bin:/bin:/usr/sbin:/sbin', 'LANG': 'C.UTF-8'} and shell False
DEBUG util.py:688:  Child return code was: 0
DEBUG file_util.py:17:  ensuring that dir exists: /var/lib/mock/centos+epel-7-x86_64-bootstrap/root/var/lib/mock/centos+epel-7-x86_64/root
DEBUG util.py:717:  child environment: None
DEBUG util.py:636:  Executing command: ['/bin/mount', '-n', '-o', 'rbind', '/var/lib/mock/centos+epel-7-x86_64/root', '/var/lib/mock/centos+epel-7-x86_64-bootstrap/root/var/lib/mock/centos+epel-7-x86_64/root'] with env {'TERM': 'vt100', 'SHELL': '/bin/sh', 'HOME': '/builddir', 'HOSTNAME': 'mock', 'PATH': '/usr/bin:/bin:/usr/sbin:/sbin', 'LANG': 'C.UTF-8'} and shell False
DEBUG util.py:688:  Child return code was: 0
DEBUG util.py:717:  child environment: None
DEBUG util.py:636:  Executing command: ['/bin/mount', '-n', '-o', 'remount,private,rbind', '--target', '/var/lib/mock/centos+epel-7-x86_64-bootstrap/root/var/lib/mock/centos+epel-7-x86_64/root'] with env {'TERM': 'vt100', 'SHELL': '/bin/sh', 'HOME': '/builddir', 'HOSTNAME': 'mock', 'PATH': '/usr/bin:/bin:/usr/sbin:/sbin', 'LANG': 'C.UTF-8'} and shell False
DEBUG util.py:688:  Child return code was: 0
DEBUG file_util.py:17:  ensuring that dir exists: /var/lib/mock/centos+epel-7-x86_64/root/installation-homedir
DEBUG package_manager.py:296:  ['/usr/bin/yum-builddep', '--installroot', '/var/lib/mock/centos+epel-7-x86_64/root/', '--releasever', '7', '/var/lib/mock/centos+epel-7-x86_64/root//builddir/build/SRPMS/modsecurity-3.0.17-1.el7.src.rpm']
DEBUG util.py:717:  child environment: None
DEBUG util.py:631:  Using nspawn with args ['--capability=cap_ipc_lock', '--resolv-conf=off']
DEBUG util.py:636:  Executing command: ['/usr/bin/systemd-nspawn', '-q', '-M', '1c340fe9662b41dc830977c9bcc6aaff', '-D', '/var/lib/mock/centos+epel-7-x86_64-bootstrap/root', '-a', '--capability=cap_ipc_lock', '--resolv-conf=off', '--setenv=TERM=vt100', '--setenv=SHELL=/bin/bash', '--setenv=HOME=/var/lib/mock/centos+epel-7-x86_64/root/installation-homedir', '--setenv=HOSTNAME=mock', '--setenv=PATH=/usr/bin:/bin:/usr/sbin:/sbin', '--setenv=PROMPT_COMMAND=printf "\\033]0;<mock-chroot>\\007"', '--setenv=PS1=<mock-chroot> \\s-\\v\\$ ', '--setenv=LANG=C.UTF-8', '--setenv=LC_MESSAGES=C.UTF-8', '/usr/bin/yum-builddep', '--installroot', '/var/lib/mock/centos+epel-7-x86_64/root/', '--releasever', '7', '/var/lib/mock/centos+epel-7-x86_64/root//builddir/build/SRPMS/modsecurity-3.0.17-1.el7.src.rpm', '--setopt=tsflags=nocontexts'] with env {'TERM': 'vt100', 'SHELL': '/bin/bash', 'HOME': '/var/lib/mock/centos+epel-7-x86_64/root/installation-homedir', 'HOSTNAME': 'mock', 'PATH': '/usr/bin:/bin:/usr/sbin:/sbin', 'PROMPT_COMMAND': 'printf "\\033]0;<mock-chroot>\\007"', 'PS1': '<mock-chroot> \\s-\\v\\$ ', 'LANG': 'C.UTF-8', 'LC_MESSAGES': 'C.UTF-8', 'SYSTEMD_NSPAWN_TMPFS_TMP': '0', 'SYSTEMD_SECCOMP': '0'} and shell False
DEBUG util.py:535:  Failed to set locale, defaulting to C
DEBUG util.py:537:  base                                                                                                                                                                  | 3.6 kB  00:00:00     
DEBUG util.py:537:  centos-sclo-rh                                                                                                                                                        | 3.0 kB  00:00:00     
DEBUG util.py:537:  centos-sclo-sclo                                                                                                                                                      | 3.0 kB  00:00:00     
DEBUG util.py:537:  epel                                                                                                                                                                  | 4.3 kB  00:00:00     
DEBUG util.py:537:  extras                                                                                                                                                                | 2.9 kB  00:00:00     
DEBUG util.py:537:  mock-localrepo                                                                                                                                                        | 3.0 kB  00:00:00     
DEBUG util.py:537:  updates                                                                                                                                                               | 2.9 kB  00:00:00     
DEBUG util.py:537:  Getting requirements for modsecurity-3.0.17-1.el7.src
DEBUG util.py:537:   --> devtoolset-11-gcc-11.2.1-9.1.el7.x86_64
DEBUG util.py:537:   --> devtoolset-11-gcc-c++-11.2.1-9.1.el7.x86_64
DEBUG util.py:537:   --> devtoolset-11-libstdc++-devel-11.2.1-9.1.el7.x86_64
DEBUG util.py:537:   --> Already installed : 1:pkgconfig-0.27.1-4.el7.x86_64
DEBUG util.py:537:   --> Already installed : 1:make-3.82-24.el7.x86_64
DEBUG util.py:537:   --> git-1.8.3.1-25.el7_9.x86_64
DEBUG util.py:537:   --> autoconf-2.69-11.el7.noarch
DEBUG util.py:537:   --> automake-1.13.4-3.el7.noarch
DEBUG util.py:537:   --> libtool-2.4.2-22.el7_3.x86_64
DEBUG util.py:537:   --> pcre2-devel-10.23-2.el7.x86_64
DEBUG util.py:537:   --> libxml2-devel-2.9.1-6.el7_9.6.x86_64
DEBUG util.py:537:   --> yajl-devel-2.0.4-4.el7.x86_64
DEBUG util.py:537:   --> libcurl-devel-7.29.0-59.el7_9.2.x86_64
DEBUG util.py:537:   --> lmdb-devel-0.9.22-2.el7.x86_64
DEBUG util.py:537:   --> zlib-devel-1.2.7-21.el7_9.x86_64
DEBUG util.py:537:  --> Running transaction check
DEBUG util.py:537:  ---> Package autoconf.noarch 0:2.69-11.el7 will be installed
DEBUG util.py:537:  --> Processing Dependency: m4 >= 1.4.14 for package: autoconf-2.69-11.el7.noarch
DEBUG util.py:537:  --> Processing Dependency: perl(Data::Dumper) for package: autoconf-2.69-11.el7.noarch
DEBUG util.py:537:  ---> Package automake.noarch 0:1.13.4-3.el7 will be installed
DEBUG util.py:537:  --> Processing Dependency: perl(TAP::Parser) for package: automake-1.13.4-3.el7.noarch
DEBUG util.py:537:  ---> Package devtoolset-11-gcc.x86_64 0:11.2.1-9.1.el7 will be installed
DEBUG util.py:537:  --> Processing Dependency: devtoolset-11-binutils >= 2.22.52.0.1 for package: devtoolset-11-gcc-11.2.1-9.1.el7.x86_64
DEBUG util.py:537:  --> Processing Dependency: devtoolset-11-runtime for package: devtoolset-11-gcc-11.2.1-9.1.el7.x86_64
DEBUG util.py:537:  ---> Package devtoolset-11-gcc-c++.x86_64 0:11.2.1-9.1.el7 will be installed
DEBUG util.py:537:  ---> Package devtoolset-11-libstdc++-devel.x86_64 0:11.2.1-9.1.el7 will be installed
DEBUG util.py:537:  ---> Package git.x86_64 0:1.8.3.1-25.el7_9 will be installed
DEBUG util.py:537:  --> Processing Dependency: perl-Git = 1.8.3.1-25.el7_9 for package: git-1.8.3.1-25.el7_9.x86_64
DEBUG util.py:537:  --> Processing Dependency: rsync for package: git-1.8.3.1-25.el7_9.x86_64
DEBUG util.py:537:  --> Processing Dependency: perl(Term::ReadKey) for package: git-1.8.3.1-25.el7_9.x86_64
DEBUG util.py:537:  --> Processing Dependency: perl(Git) for package: git-1.8.3.1-25.el7_9.x86_64
DEBUG util.py:537:  --> Processing Dependency: perl(Error) for package: git-1.8.3.1-25.el7_9.x86_64
DEBUG util.py:537:  --> Processing Dependency: openssh-clients for package: git-1.8.3.1-25.el7_9.x86_64
DEBUG util.py:537:  --> Processing Dependency: less for package: git-1.8.3.1-25.el7_9.x86_64
DEBUG util.py:537:  --> Processing Dependency: /usr/bin/python for package: git-1.8.3.1-25.el7_9.x86_64
DEBUG util.py:537:  ---> Package libcurl-devel.x86_64 0:7.29.0-59.el7_9.2 will be installed
DEBUG util.py:537:  epel/x86_64/filelists_db                                                                                                                                              |  15 MB  00:00:02     
DEBUG util.py:537:  base/x86_64/filelists_db                                                                                                                                              | 7.2 MB  00:00:00     
DEBUG util.py:537:  centos-sclo-rh/filelists_db                                                                                                                                           |  12 MB  00:00:01     
DEBUG util.py:537:  updates/x86_64/filelists_db                                                                                                                                           |  15 MB  00:00:00     
DEBUG util.py:537:  ---> Package libtool.x86_64 0:2.4.2-22.el7_3 will be installed
DEBUG util.py:537:  ---> Package libxml2-devel.x86_64 0:2.9.1-6.el7_9.6 will be installed
DEBUG util.py:537:  --> Processing Dependency: xz-devel for package: libxml2-devel-2.9.1-6.el7_9.6.x86_64
DEBUG util.py:537:  ---> Package lmdb-devel.x86_64 0:0.9.22-2.el7 will be installed
DEBUG util.py:537:  --> Processing Dependency: lmdb(x86-64) = 0.9.22-2.el7 for package: lmdb-devel-0.9.22-2.el7.x86_64
DEBUG util.py:537:  --> Processing Dependency: liblmdb.so.0.0.0()(64bit) for package: lmdb-devel-0.9.22-2.el7.x86_64
DEBUG util.py:537:  ---> Package pcre2-devel.x86_64 0:10.23-2.el7 will be installed
DEBUG util.py:537:  --> Processing Dependency: pcre2-utf32(x86-64) = 10.23-2.el7 for package: pcre2-devel-10.23-2.el7.x86_64
DEBUG util.py:537:  --> Processing Dependency: pcre2-utf16(x86-64) = 10.23-2.el7 for package: pcre2-devel-10.23-2.el7.x86_64
DEBUG util.py:537:  --> Processing Dependency: pcre2(x86-64) = 10.23-2.el7 for package: pcre2-devel-10.23-2.el7.x86_64
DEBUG util.py:537:  --> Processing Dependency: libpcre2-posix.so.1()(64bit) for package: pcre2-devel-10.23-2.el7.x86_64
DEBUG util.py:537:  --> Processing Dependency: libpcre2-8.so.0()(64bit) for package: pcre2-devel-10.23-2.el7.x86_64
DEBUG util.py:537:  --> Processing Dependency: libpcre2-32.so.0()(64bit) for package: pcre2-devel-10.23-2.el7.x86_64
DEBUG util.py:537:  --> Processing Dependency: libpcre2-16.so.0()(64bit) for package: pcre2-devel-10.23-2.el7.x86_64
DEBUG util.py:537:  ---> Package yajl-devel.x86_64 0:2.0.4-4.el7 will be installed
DEBUG util.py:537:  --> Processing Dependency: yajl = 2.0.4-4.el7 for package: yajl-devel-2.0.4-4.el7.x86_64
DEBUG util.py:537:  --> Processing Dependency: libyajl.so.2()(64bit) for package: yajl-devel-2.0.4-4.el7.x86_64
DEBUG util.py:537:  ---> Package zlib-devel.x86_64 0:1.2.7-21.el7_9 will be installed
DEBUG util.py:537:  --> Running transaction check
DEBUG util.py:537:  ---> Package devtoolset-11-binutils.x86_64 0:2.36.1-1.el7.2 will be installed
DEBUG util.py:537:  ---> Package devtoolset-11-runtime.x86_64 0:11.1-2.el7 will be installed
DEBUG util.py:537:  --> Processing Dependency: scl-utils >= 20120927-11 for package: devtoolset-11-runtime-11.1-2.el7.x86_64
DEBUG util.py:537:  --> Processing Dependency: /usr/sbin/restorecon for package: devtoolset-11-runtime-11.1-2.el7.x86_64
DEBUG util.py:537:  --> Processing Dependency: /usr/sbin/restorecon for package: devtoolset-11-runtime-11.1-2.el7.x86_64
DEBUG util.py:537:  --> Processing Dependency: /usr/sbin/semanage for package: devtoolset-11-runtime-11.1-2.el7.x86_64
DEBUG util.py:537:  --> Processing Dependency: /usr/sbin/semanage for package: devtoolset-11-runtime-11.1-2.el7.x86_64
DEBUG util.py:537:  ---> Package less.x86_64 0:458-10.el7_9 will be installed
DEBUG util.py:537:  ---> Package lmdb.x86_64 0:0.9.22-2.el7 will be installed
DEBUG util.py:537:  ---> Package lmdb-libs.x86_64 0:0.9.22-2.el7 will be installed
DEBUG util.py:537:  ---> Package m4.x86_64 0:1.4.16-10.el7 will be installed
DEBUG util.py:537:  ---> Package openssh-clients.x86_64 0:7.4p1-23.el7_9 will be installed
DEBUG util.py:537:  --> Processing Dependency: openssh = 7.4p1-23.el7_9 for package: openssh-clients-7.4p1-23.el7_9.x86_64
DEBUG util.py:537:  --> Processing Dependency: fipscheck-lib(x86-64) >= 1.3.0 for package: openssh-clients-7.4p1-23.el7_9.x86_64
DEBUG util.py:537:  --> Processing Dependency: libfipscheck.so.1()(64bit) for package: openssh-clients-7.4p1-23.el7_9.x86_64
DEBUG util.py:537:  --> Processing Dependency: libedit.so.0()(64bit) for package: openssh-clients-7.4p1-23.el7_9.x86_64
DEBUG util.py:537:  ---> Package pcre2.x86_64 0:10.23-2.el7 will be installed
DEBUG util.py:537:  ---> Package pcre2-utf16.x86_64 0:10.23-2.el7 will be installed
DEBUG util.py:537:  ---> Package pcre2-utf32.x86_64 0:10.23-2.el7 will be installed
DEBUG util.py:537:  ---> Package perl-Data-Dumper.x86_64 0:2.145-3.el7 will be installed
DEBUG util.py:537:  ---> Package perl-Error.noarch 1:0.17020-2.el7 will be installed
DEBUG util.py:537:  ---> Package perl-Git.noarch 0:1.8.3.1-25.el7_9 will be installed
DEBUG util.py:537:  ---> Package perl-TermReadKey.x86_64 0:2.30-20.el7 will be installed
DEBUG util.py:537:  ---> Package perl-Test-Harness.noarch 0:3.28-3.el7 will be installed
DEBUG util.py:537:  ---> Package python.x86_64 0:2.7.5-94.el7_9 will be installed
DEBUG util.py:537:  ---> Package rsync.x86_64 0:3.1.2-12.el7_9 will be installed
DEBUG util.py:537:  ---> Package xz-devel.x86_64 0:5.2.2-2.el7_9 will be installed
DEBUG util.py:537:  ---> Package yajl.x86_64 0:2.0.4-4.el7 will be installed
DEBUG util.py:537:  --> Running transaction check
DEBUG util.py:537:  ---> Package fipscheck-lib.x86_64 0:1.4.1-6.el7 will be installed
DEBUG util.py:537:  --> Processing Dependency: /usr/bin/fipscheck for package: fipscheck-lib-1.4.1-6.el7.x86_64
DEBUG util.py:537:  ---> Package libedit.x86_64 0:3.0-12.20121213cvs.el7 will be installed
DEBUG util.py:537:  ---> Package openssh.x86_64 0:7.4p1-23.el7_9 will be installed
DEBUG util.py:537:  ---> Package policycoreutils.x86_64 0:2.5-34.el7 will be installed
DEBUG util.py:537:  --> Processing Dependency: libselinux-utils >= 2.5-14 for package: policycoreutils-2.5-34.el7.x86_64
DEBUG util.py:537:  ---> Package policycoreutils-python.x86_64 0:2.5-34.el7 will be installed
DEBUG util.py:537:  --> Processing Dependency: setools-libs >= 3.3.8-4 for package: policycoreutils-python-2.5-34.el7.x86_64
DEBUG util.py:537:  --> Processing Dependency: libsemanage-python >= 2.5-14 for package: policycoreutils-python-2.5-34.el7.x86_64
DEBUG util.py:537:  --> Processing Dependency: audit-libs-python >= 2.1.3-4 for package: policycoreutils-python-2.5-34.el7.x86_64
DEBUG util.py:537:  --> Processing Dependency: python-IPy for package: policycoreutils-python-2.5-34.el7.x86_64
DEBUG util.py:537:  --> Processing Dependency: libselinux-python for package: policycoreutils-python-2.5-34.el7.x86_64
DEBUG util.py:537:  --> Processing Dependency: libqpol.so.1(VERS_1.4)(64bit) for package: policycoreutils-python-2.5-34.el7.x86_64
DEBUG util.py:537:  --> Processing Dependency: libqpol.so.1(VERS_1.2)(64bit) for package: policycoreutils-python-2.5-34.el7.x86_64
DEBUG util.py:537:  --> Processing Dependency: libcgroup for package: policycoreutils-python-2.5-34.el7.x86_64
DEBUG util.py:537:  --> Processing Dependency: libapol.so.4(VERS_4.0)(64bit) for package: policycoreutils-python-2.5-34.el7.x86_64
DEBUG util.py:537:  --> Processing Dependency: checkpolicy for package: policycoreutils-python-2.5-34.el7.x86_64
DEBUG util.py:537:  --> Processing Dependency: libqpol.so.1()(64bit) for package: policycoreutils-python-2.5-34.el7.x86_64
DEBUG util.py:537:  --> Processing Dependency: libapol.so.4()(64bit) for package: policycoreutils-python-2.5-34.el7.x86_64
DEBUG util.py:537:  ---> Package scl-utils.x86_64 0:20130529-19.el7 will be installed
DEBUG util.py:537:  --> Running transaction check
DEBUG util.py:537:  ---> Package audit-libs-python.x86_64 0:2.8.5-4.el7 will be installed
DEBUG util.py:537:  ---> Package checkpolicy.x86_64 0:2.5-8.el7 will be installed
DEBUG util.py:537:  ---> Package fipscheck.x86_64 0:1.4.1-6.el7 will be installed
DEBUG util.py:537:  ---> Package libcgroup.x86_64 0:0.41-21.el7 will be installed
DEBUG util.py:537:  ---> Package libselinux-python.x86_64 0:2.5-15.el7 will be installed
DEBUG util.py:537:  ---> Package libselinux-utils.x86_64 0:2.5-15.el7 will be installed
DEBUG util.py:537:  ---> Package libsemanage-python.x86_64 0:2.5-14.el7 will be installed
DEBUG util.py:537:  ---> Package python-IPy.noarch 0:0.75-6.el7 will be installed
DEBUG util.py:537:  ---> Package setools-libs.x86_64 0:3.3.8-4.el7 will be installed
DEBUG util.py:537:  --> Finished Dependency Resolution
DEBUG util.py:537:  Dependencies Resolved
DEBUG util.py:537:  =============================================================================================================================================================================================
DEBUG util.py:537:   Package                                                 Arch                             Version                                             Repository                                Size
DEBUG util.py:537:  =============================================================================================================================================================================================
DEBUG util.py:537:  Installing:
DEBUG util.py:537:   autoconf                                                noarch                           2.69-11.el7                                         base                                     701 k
DEBUG util.py:537:   automake                                                noarch                           1.13.4-3.el7                                        base                                     679 k
DEBUG util.py:537:   devtoolset-11-gcc                                       x86_64                           11.2.1-9.1.el7                                      centos-sclo-rh                            32 M
DEBUG util.py:537:   devtoolset-11-gcc-c++                                   x86_64                           11.2.1-9.1.el7                                      centos-sclo-rh                            12 M
DEBUG util.py:537:   devtoolset-11-libstdc++-devel                           x86_64                           11.2.1-9.1.el7                                      centos-sclo-rh                           3.6 M
DEBUG util.py:537:   git                                                     x86_64                           1.8.3.1-25.el7_9                                    updates                                  4.4 M
DEBUG util.py:537:   libcurl-devel                                           x86_64                           7.29.0-59.el7_9.2                                   updates                                  303 k
DEBUG util.py:537:   libtool                                                 x86_64                           2.4.2-22.el7_3                                      base                                     588 k
DEBUG util.py:537:   libxml2-devel                                           x86_64                           2.9.1-6.el7_9.6                                     updates                                  1.1 M
DEBUG util.py:537:   lmdb-devel                                              x86_64                           0.9.22-2.el7                                        epel                                      24 k
DEBUG util.py:537:   pcre2-devel                                             x86_64                           10.23-2.el7                                         base                                     545 k
DEBUG util.py:537:   yajl-devel                                              x86_64                           2.0.4-4.el7                                         base                                      13 k
DEBUG util.py:537:   zlib-devel                                              x86_64                           1.2.7-21.el7_9                                      updates                                   50 k
DEBUG util.py:537:  Installing for dependencies:
DEBUG util.py:537:   audit-libs-python                                       x86_64                           2.8.5-4.el7                                         base                                      76 k
DEBUG util.py:537:   checkpolicy                                             x86_64                           2.5-8.el7                                           base                                     295 k
DEBUG util.py:537:   devtoolset-11-binutils                                  x86_64                           2.36.1-1.el7.2                                      centos-sclo-rh                           6.3 M
DEBUG util.py:537:   devtoolset-11-runtime                                   x86_64                           11.1-2.el7                                          centos-sclo-rh                            20 k
DEBUG util.py:537:   fipscheck                                               x86_64                           1.4.1-6.el7                                         base                                      21 k
DEBUG util.py:537:   fipscheck-lib                                           x86_64                           1.4.1-6.el7                                         base                                      11 k
DEBUG util.py:537:   less                                                    x86_64                           458-10.el7_9                                        updates                                  120 k
DEBUG util.py:537:   libcgroup                                               x86_64                           0.41-21.el7                                         base                                      66 k
DEBUG util.py:537:   libedit                                                 x86_64                           3.0-12.20121213cvs.el7                              base                                      92 k
DEBUG util.py:537:   libselinux-python                                       x86_64                           2.5-15.el7                                          base                                     236 k
DEBUG util.py:537:   libselinux-utils                                        x86_64                           2.5-15.el7                                          base                                     151 k
DEBUG util.py:537:   libsemanage-python                                      x86_64                           2.5-14.el7                                          base                                     113 k
DEBUG util.py:537:   lmdb                                                    x86_64                           0.9.22-2.el7                                        epel                                      26 k
DEBUG util.py:537:   lmdb-libs                                               x86_64                           0.9.22-2.el7                                        epel                                      54 k
DEBUG util.py:537:   m4                                                      x86_64                           1.4.16-10.el7                                       base                                     256 k
DEBUG util.py:537:   openssh                                                 x86_64                           7.4p1-23.el7_9                                      updates                                  510 k
DEBUG util.py:537:   openssh-clients                                         x86_64                           7.4p1-23.el7_9                                      updates                                  655 k
DEBUG util.py:537:   pcre2                                                   x86_64                           10.23-2.el7                                         base                                     201 k
DEBUG util.py:537:   pcre2-utf16                                             x86_64                           10.23-2.el7                                         base                                     189 k
DEBUG util.py:537:   pcre2-utf32                                             x86_64                           10.23-2.el7                                         base                                     181 k
DEBUG util.py:537:   perl-Data-Dumper                                        x86_64                           2.145-3.el7                                         base                                      47 k
DEBUG util.py:537:   perl-Error                                              noarch                           1:0.17020-2.el7                                     base                                      32 k
DEBUG util.py:537:   perl-Git                                                noarch                           1.8.3.1-25.el7_9                                    updates                                   56 k
DEBUG util.py:537:   perl-TermReadKey                                        x86_64                           2.30-20.el7                                         base                                      31 k
DEBUG util.py:537:   perl-Test-Harness                                       noarch                           3.28-3.el7                                          base                                     302 k
DEBUG util.py:537:   policycoreutils                                         x86_64                           2.5-34.el7                                          base                                     917 k
DEBUG util.py:537:   policycoreutils-python                                  x86_64                           2.5-34.el7                                          base                                     457 k
DEBUG util.py:537:   python                                                  x86_64                           2.7.5-94.el7_9                                      updates                                   97 k
DEBUG util.py:537:   python-IPy                                              noarch                           0.75-6.el7                                          base                                      32 k
DEBUG util.py:537:   rsync                                                   x86_64                           3.1.2-12.el7_9                                      updates                                  408 k
DEBUG util.py:537:   scl-utils                                               x86_64                           20130529-19.el7                                     base                                      24 k
DEBUG util.py:537:   setools-libs                                            x86_64                           3.3.8-4.el7                                         base                                     620 k
DEBUG util.py:537:   xz-devel                                                x86_64                           5.2.2-2.el7_9                                       updates                                   46 k
DEBUG util.py:537:   yajl                                                    x86_64                           2.0.4-4.el7                                         base                                      39 k
DEBUG util.py:537:  Transaction Summary
DEBUG util.py:537:  =============================================================================================================================================================================================
DEBUG util.py:537:  Install  13 Packages (+34 Dependent packages)
DEBUG util.py:537:  Total size: 69 M
DEBUG util.py:537:  Total download size: 66 M
DEBUG util.py:537:  Installed size: 214 M
DEBUG util.py:537:  Downloading packages:
DEBUG util.py:537:  Delta RPMs disabled because /usr/bin/applydeltarpm not installed.
DEBUG util.py:537:  (1/34): automake-1.13.4-3.el7.noarch.rpm                                                                                                                              | 679 kB  00:00:00     
DEBUG util.py:537:  (2/34): audit-libs-python-2.8.5-4.el7.x86_64.rpm                                                                                                                      |  76 kB  00:00:00     
DEBUG util.py:537:  (3/34): checkpolicy-2.5-8.el7.x86_64.rpm                                                                                                                              | 295 kB  00:00:00     
DEBUG util.py:537:  (4/34): devtoolset-11-binutils-2.36.1-1.el7.2.x86_64.rpm                                                                                                              | 6.3 MB  00:00:01     
DEBUG util.py:537:  (5/34): devtoolset-11-gcc-c++-11.2.1-9.1.el7.x86_64.rpm                                                                                                               |  12 MB  00:00:03     
DEBUG util.py:537:  (6/34): devtoolset-11-gcc-11.2.1-9.1.el7.x86_64.rpm                                                                                                                   |  32 MB  00:00:05     
DEBUG util.py:537:  (7/34): devtoolset-11-runtime-11.1-2.el7.x86_64.rpm                                                                                                                   |  20 kB  00:00:00     
DEBUG util.py:537:  (8/34): less-458-10.el7_9.x86_64.rpm                                                                                                                                  | 120 kB  00:00:00     
DEBUG util.py:537:  (9/34): fipscheck-1.4.1-6.el7.x86_64.rpm                                                                                                                              |  21 kB  00:00:00     
DEBUG util.py:537:  (10/34): fipscheck-lib-1.4.1-6.el7.x86_64.rpm                                                                                                                         |  11 kB  00:00:00     
DEBUG util.py:537:  (11/34): libcgroup-0.41-21.el7.x86_64.rpm                                                                                                                             |  66 kB  00:00:00     
DEBUG util.py:537:  (12/34): devtoolset-11-libstdc++-devel-11.2.1-9.1.el7.x86_64.rpm                                                                                                      | 3.6 MB  00:00:01     
DEBUG util.py:537:  (13/34): libedit-3.0-12.20121213cvs.el7.x86_64.rpm                                                                                                                    |  92 kB  00:00:00     
DEBUG util.py:537:  (14/34): libselinux-python-2.5-15.el7.x86_64.rpm                                                                                                                      | 236 kB  00:00:00     
DEBUG util.py:537:  (15/34): libselinux-utils-2.5-15.el7.x86_64.rpm                                                                                                                       | 151 kB  00:00:00     
DEBUG util.py:537:  (16/34): libsemanage-python-2.5-14.el7.x86_64.rpm                                                                                                                     | 113 kB  00:00:00     
DEBUG util.py:537:  (17/34): libcurl-devel-7.29.0-59.el7_9.2.x86_64.rpm                                                                                                                   | 303 kB  00:00:00     
DEBUG util.py:537:  (18/34): libxml2-devel-2.9.1-6.el7_9.6.x86_64.rpm                                                                                                                     | 1.1 MB  00:00:00     
DEBUG util.py:537:  (19/34): lmdb-0.9.22-2.el7.x86_64.rpm                                                                                                                                 |  26 kB  00:00:00     
DEBUG util.py:537:  (20/34): lmdb-devel-0.9.22-2.el7.x86_64.rpm                                                                                                                           |  24 kB  00:00:00     
DEBUG util.py:537:  (21/34): openssh-7.4p1-23.el7_9.x86_64.rpm                                                                                                                            | 510 kB  00:00:00     
DEBUG util.py:537:  (22/34): openssh-clients-7.4p1-23.el7_9.x86_64.rpm                                                                                                                    | 655 kB  00:00:00     
DEBUG util.py:537:  (23/34): perl-Git-1.8.3.1-25.el7_9.noarch.rpm                                                                                                                         |  56 kB  00:00:00     
DEBUG util.py:537:  (24/34): git-1.8.3.1-25.el7_9.x86_64.rpm                                                                                                                              | 4.4 MB  00:00:01     
DEBUG util.py:537:  (25/34): perl-Error-0.17020-2.el7.noarch.rpm                                                                                                                          |  32 kB  00:00:00     
DEBUG util.py:537:  (26/34): perl-TermReadKey-2.30-20.el7.x86_64.rpm                                                                                                                      |  31 kB  00:00:00     
DEBUG util.py:537:  (27/34): policycoreutils-python-2.5-34.el7.x86_64.rpm                                                                                                                 | 457 kB  00:00:00     
DEBUG util.py:537:  (28/34): policycoreutils-2.5-34.el7.x86_64.rpm                                                                                                                        | 917 kB  00:00:00     
DEBUG util.py:537:  (29/34): python-IPy-0.75-6.el7.noarch.rpm                                                                                                                             |  32 kB  00:00:00     
DEBUG util.py:537:  (30/34): setools-libs-3.3.8-4.el7.x86_64.rpm                                                                                                                          | 620 kB  00:00:00     
DEBUG util.py:537:  (31/34): yajl-devel-2.0.4-4.el7.x86_64.rpm                                                                                                                            |  13 kB  00:00:00     
DEBUG util.py:537:  (32/34): xz-devel-5.2.2-2.el7_9.x86_64.rpm                                                                                                                            |  46 kB  00:00:00     
DEBUG util.py:537:  (33/34): scl-utils-20130529-19.el7.x86_64.rpm                                                                                                                         |  24 kB  00:00:00     
DEBUG util.py:537:  (34/34): rsync-3.1.2-12.el7_9.x86_64.rpm                                                                                                                              | 408 kB  00:00:00     
DEBUG util.py:537:  ---------------------------------------------------------------------------------------------------------------------------------------------------------------------------------------------
DEBUG util.py:537:  Total                                                                                                                                                        7.5 MB/s |  66 MB  00:00:08     
DEBUG util.py:537:  Running transaction check
DEBUG util.py:537:  Running transaction test
DEBUG util.py:537:  Transaction test succeeded
DEBUG util.py:537:  Running transaction
DEBUG util.py:537:    Installing : python-2.7.5-94.el7_9.x86_64                                                                                                                                             1/47 
DEBUG util.py:537:    Installing : fipscheck-1.4.1-6.el7.x86_64                                                                                                                                             2/47 
DEBUG util.py:537:    Installing : fipscheck-lib-1.4.1-6.el7.x86_64                                                                                                                                         3/47 
DEBUG util.py:537:    Installing : lmdb-libs-0.9.22-2.el7.x86_64                                                                                                                                            4/47 
DEBUG util.py:537:    Installing : 1:perl-Error-0.17020-2.el7.noarch                                                                                                                                        5/47 
DEBUG util.py:537:    Installing : lmdb-0.9.22-2.el7.x86_64                                                                                                                                                 6/47 
DEBUG util.py:537:    Installing : openssh-7.4p1-23.el7_9.x86_64                                                                                                                                            7/47 
DEBUG util.py:537:    Installing : python-IPy-0.75-6.el7.noarch                                                                                                                                             8/47 
DEBUG util.py:537:    Installing : libsemanage-python-2.5-14.el7.x86_64                                                                                                                                     9/47 
DEBUG util.py:537:    Installing : libselinux-python-2.5-15.el7.x86_64                                                                                                                                     10/47 
DEBUG util.py:537:    Installing : audit-libs-python-2.8.5-4.el7.x86_64                                                                                                                                    11/47 
DEBUG util.py:537:    Installing : libcgroup-0.41-21.el7.x86_64                                                                                                                                            12/47 
DEBUG util.py:537:    Installing : perl-Test-Harness-3.28-3.el7.noarch                                                                                                                                     13/47 
DEBUG util.py:537:    Installing : setools-libs-3.3.8-4.el7.x86_64                                                                                                                                         14/47 
DEBUG util.py:537:    Installing : pcre2-utf32-10.23-2.el7.x86_64                                                                                                                                          15/47 
DEBUG util.py:537:    Installing : libedit-3.0-12.20121213cvs.el7.x86_64                                                                                                                                   16/47 
DEBUG util.py:537:    Installing : openssh-clients-7.4p1-23.el7_9.x86_64                                                                                                                                   17/47 
DEBUG util.py:537:    Installing : pcre2-utf16-10.23-2.el7.x86_64                                                                                                                                          18/47 
DEBUG util.py:537:    Installing : xz-devel-5.2.2-2.el7_9.x86_64                                                                                                                                           19/47 
DEBUG util.py:537:    Installing : scl-utils-20130529-19.el7.x86_64                                                                                                                                        20/47 
DEBUG util.py:537:    Installing : less-458-10.el7_9.x86_64                                                                                                                                                21/47 
DEBUG util.py:537:    Installing : perl-Data-Dumper-2.145-3.el7.x86_64                                                                                                                                     22/47 
DEBUG util.py:537:    Installing : pcre2-10.23-2.el7.x86_64                                                                                                                                                23/47 
DEBUG util.py:537:    Installing : zlib-devel-1.2.7-21.el7_9.x86_64                                                                                                                                        24/47 
DEBUG util.py:537:    Installing : libselinux-utils-2.5-15.el7.x86_64                                                                                                                                      25/47 
DEBUG util.py:537:    Installing : policycoreutils-2.5-34.el7.x86_64                                                                                                                                       26/47 
DEBUG util.py:537:    Installing : rsync-3.1.2-12.el7_9.x86_64                                                                                                                                             27/47 
DEBUG util.py:537:    Installing : perl-TermReadKey-2.30-20.el7.x86_64                                                                                                                                     28/47 
DEBUG util.py:537:    Installing : perl-Git-1.8.3.1-25.el7_9.noarch                                                                                                                                        29/47 
DEBUG util.py:537:    Installing : git-1.8.3.1-25.el7_9.x86_64                                                                                                                                             30/47 
DEBUG util.py:537:    Installing : checkpolicy-2.5-8.el7.x86_64                                                                                                                                            31/47 
DEBUG util.py:537:    Installing : policycoreutils-python-2.5-34.el7.x86_64                                                                                                                                32/47 
DEBUG util.py:537:    Installing : devtoolset-11-runtime-11.1-2.el7.x86_64                                                                                                                                 33/47 
DEBUG util.py:537:  ValueError: SELinux policy is not managed or store cannot be accessed.
DEBUG util.py:537:    Installing : devtoolset-11-libstdc++-devel-11.2.1-9.1.el7.x86_64                                                                                                                     34/47 
DEBUG util.py:537:    Installing : devtoolset-11-binutils-2.36.1-1.el7.2.x86_64                                                                                                                            35/47 
DEBUG util.py:537:    Installing : m4-1.4.16-10.el7.x86_64                                                                                                                                                 36/47 
DEBUG util.py:537:    Installing : autoconf-2.69-11.el7.noarch                                                                                                                                             37/47 
DEBUG util.py:537:    Installing : automake-1.13.4-3.el7.noarch                                                                                                                                            38/47 
DEBUG util.py:537:    Installing : yajl-2.0.4-4.el7.x86_64                                                                                                                                                 39/47 
DEBUG util.py:537:    Installing : yajl-devel-2.0.4-4.el7.x86_64                                                                                                                                           40/47 
DEBUG util.py:537:    Installing : libtool-2.4.2-22.el7_3.x86_64                                                                                                                                           41/47 
DEBUG util.py:537:    Installing : libxml2-devel-2.9.1-6.el7_9.6.x86_64                                                                                                                                    42/47 
DEBUG util.py:537:    Installing : pcre2-devel-10.23-2.el7.x86_64                                                                                                                                          43/47 
DEBUG util.py:537:    Installing : lmdb-devel-0.9.22-2.el7.x86_64                                                                                                                                          44/47 
DEBUG util.py:537:    Installing : libcurl-devel-7.29.0-59.el7_9.2.x86_64                                                                                                                                  45/47 
DEBUG util.py:537:    Installing : devtoolset-11-gcc-11.2.1-9.1.el7.x86_64                                                                                                                                 46/47 
DEBUG util.py:537:    Installing : devtoolset-11-gcc-c++-11.2.1-9.1.el7.x86_64                                                                                                                             47/47 
DEBUG util.py:537:    Verifying  : fipscheck-lib-1.4.1-6.el7.x86_64                                                                                                                                         1/47 
DEBUG util.py:537:    Verifying  : libxml2-devel-2.9.1-6.el7_9.6.x86_64                                                                                                                                     2/47 
DEBUG util.py:537:    Verifying  : yajl-2.0.4-4.el7.x86_64                                                                                                                                                  3/47 
DEBUG util.py:537:    Verifying  : openssh-clients-7.4p1-23.el7_9.x86_64                                                                                                                                    4/47 
DEBUG util.py:537:    Verifying  : automake-1.13.4-3.el7.noarch                                                                                                                                             5/47 
DEBUG util.py:537:    Verifying  : m4-1.4.16-10.el7.x86_64                                                                                                                                                  6/47 
DEBUG util.py:537:    Verifying  : devtoolset-11-runtime-11.1-2.el7.x86_64                                                                                                                                  7/47 
DEBUG util.py:537:    Verifying  : checkpolicy-2.5-8.el7.x86_64                                                                                                                                             8/47 
DEBUG util.py:537:    Verifying  : libcurl-devel-7.29.0-59.el7_9.2.x86_64                                                                                                                                   9/47 
DEBUG util.py:537:    Verifying  : perl-TermReadKey-2.30-20.el7.x86_64                                                                                                                                     10/47 
DEBUG util.py:537:    Verifying  : policycoreutils-2.5-34.el7.x86_64                                                                                                                                       11/47 
DEBUG util.py:537:    Verifying  : devtoolset-11-gcc-c++-11.2.1-9.1.el7.x86_64                                                                                                                             12/47 
DEBUG util.py:537:    Verifying  : rsync-3.1.2-12.el7_9.x86_64                                                                                                                                             13/47 
DEBUG util.py:537:    Verifying  : python-IPy-0.75-6.el7.noarch                                                                                                                                            14/47 
DEBUG util.py:537:    Verifying  : git-1.8.3.1-25.el7_9.x86_64                                                                                                                                             15/47 
DEBUG util.py:537:    Verifying  : libselinux-utils-2.5-15.el7.x86_64                                                                                                                                      16/47 
DEBUG util.py:537:    Verifying  : policycoreutils-python-2.5-34.el7.x86_64                                                                                                                                17/47 
DEBUG util.py:537:    Verifying  : yajl-devel-2.0.4-4.el7.x86_64                                                                                                                                           18/47 
DEBUG util.py:537:    Verifying  : pcre2-devel-10.23-2.el7.x86_64                                                                                                                                          19/47 
DEBUG util.py:537:    Verifying  : zlib-devel-1.2.7-21.el7_9.x86_64                                                                                                                                        20/47 
DEBUG util.py:537:    Verifying  : fipscheck-1.4.1-6.el7.x86_64                                                                                                                                            21/47 
DEBUG util.py:537:    Verifying  : libtool-2.4.2-22.el7_3.x86_64                                                                                                                                           22/47 
DEBUG util.py:537:    Verifying  : lmdb-devel-0.9.22-2.el7.x86_64                                                                                                                                          23/47 
DEBUG util.py:537:    Verifying  : pcre2-10.23-2.el7.x86_64                                                                                                                                                24/47 
DEBUG util.py:537:    Verifying  : devtoolset-11-gcc-11.2.1-9.1.el7.x86_64                                                                                                                                 25/47 
DEBUG util.py:537:    Verifying  : devtoolset-11-libstdc++-devel-11.2.1-9.1.el7.x86_64                                                                                                                     26/47 
DEBUG util.py:537:    Verifying  : perl-Data-Dumper-2.145-3.el7.x86_64                                                                                                                                     27/47 
DEBUG util.py:537:    Verifying  : less-458-10.el7_9.x86_64                                                                                                                                                28/47 
DEBUG util.py:537:    Verifying  : 1:perl-Error-0.17020-2.el7.noarch                                                                                                                                       29/47 
DEBUG util.py:537:    Verifying  : libsemanage-python-2.5-14.el7.x86_64                                                                                                                                    30/47 
DEBUG util.py:537:    Verifying  : perl-Git-1.8.3.1-25.el7_9.noarch                                                                                                                                        31/47 
DEBUG util.py:537:    Verifying  : scl-utils-20130529-19.el7.x86_64                                                                                                                                        32/47 
DEBUG util.py:537:    Verifying  : openssh-7.4p1-23.el7_9.x86_64                                                                                                                                           33/47 
DEBUG util.py:537:    Verifying  : python-2.7.5-94.el7_9.x86_64                                                                                                                                            34/47 
DEBUG util.py:537:    Verifying  : libselinux-python-2.5-15.el7.x86_64                                                                                                                                     35/47 
DEBUG util.py:537:    Verifying  : xz-devel-5.2.2-2.el7_9.x86_64                                                                                                                                           36/47 
DEBUG util.py:537:    Verifying  : audit-libs-python-2.8.5-4.el7.x86_64                                                                                                                                    37/47 
DEBUG util.py:537:    Verifying  : devtoolset-11-binutils-2.36.1-1.el7.2.x86_64                                                                                                                            38/47 
DEBUG util.py:537:    Verifying  : pcre2-utf16-10.23-2.el7.x86_64                                                                                                                                          39/47 
DEBUG util.py:537:    Verifying  : autoconf-2.69-11.el7.noarch                                                                                                                                             40/47 
DEBUG util.py:537:    Verifying  : lmdb-0.9.22-2.el7.x86_64                                                                                                                                                41/47 
DEBUG util.py:537:    Verifying  : libedit-3.0-12.20121213cvs.el7.x86_64                                                                                                                                   42/47 
DEBUG util.py:537:    Verifying  : pcre2-utf32-10.23-2.el7.x86_64                                                                                                                                          43/47 
DEBUG util.py:537:    Verifying  : lmdb-libs-0.9.22-2.el7.x86_64                                                                                                                                           44/47 
DEBUG util.py:537:    Verifying  : setools-libs-3.3.8-4.el7.x86_64                                                                                                                                         45/47 
DEBUG util.py:537:    Verifying  : perl-Test-Harness-3.28-3.el7.noarch                                                                                                                                     46/47 
DEBUG util.py:537:    Verifying  : libcgroup-0.41-21.el7.x86_64                                                                                                                                            47/47 
DEBUG util.py:537:  Installed:
DEBUG util.py:537:    autoconf.noarch 0:2.69-11.el7                            automake.noarch 0:1.13.4-3.el7      devtoolset-11-gcc.x86_64 0:11.2.1-9.1.el7    devtoolset-11-gcc-c++.x86_64 0:11.2.1-9.1.el7   
DEBUG util.py:537:    devtoolset-11-libstdc++-devel.x86_64 0:11.2.1-9.1.el7    git.x86_64 0:1.8.3.1-25.el7_9       libcurl-devel.x86_64 0:7.29.0-59.el7_9.2     libtool.x86_64 0:2.4.2-22.el7_3                 
DEBUG util.py:537:    libxml2-devel.x86_64 0:2.9.1-6.el7_9.6                   lmdb-devel.x86_64 0:0.9.22-2.el7    pcre2-devel.x86_64 0:10.23-2.el7             yajl-devel.x86_64 0:2.0.4-4.el7                 
DEBUG util.py:537:    zlib-devel.x86_64 0:1.2.7-21.el7_9                      
DEBUG util.py:537:  Dependency Installed:
DEBUG util.py:537:    audit-libs-python.x86_64 0:2.8.5-4.el7       checkpolicy.x86_64 0:2.5-8.el7             devtoolset-11-binutils.x86_64 0:2.36.1-1.el7.2      devtoolset-11-runtime.x86_64 0:11.1-2.el7     
DEBUG util.py:537:    fipscheck.x86_64 0:1.4.1-6.el7               fipscheck-lib.x86_64 0:1.4.1-6.el7         less.x86_64 0:458-10.el7_9                          libcgroup.x86_64 0:0.41-21.el7                
DEBUG util.py:537:    libedit.x86_64 0:3.0-12.20121213cvs.el7      libselinux-python.x86_64 0:2.5-15.el7      libselinux-utils.x86_64 0:2.5-15.el7                libsemanage-python.x86_64 0:2.5-14.el7        
DEBUG util.py:537:    lmdb.x86_64 0:0.9.22-2.el7                   lmdb-libs.x86_64 0:0.9.22-2.el7            m4.x86_64 0:1.4.16-10.el7                           openssh.x86_64 0:7.4p1-23.el7_9               
DEBUG util.py:537:    openssh-clients.x86_64 0:7.4p1-23.el7_9      pcre2.x86_64 0:10.23-2.el7                 pcre2-utf16.x86_64 0:10.23-2.el7                    pcre2-utf32.x86_64 0:10.23-2.el7              
DEBUG util.py:537:    perl-Data-Dumper.x86_64 0:2.145-3.el7        perl-Error.noarch 1:0.17020-2.el7          perl-Git.noarch 0:1.8.3.1-25.el7_9                  perl-TermReadKey.x86_64 0:2.30-20.el7         
DEBUG util.py:537:    perl-Test-Harness.noarch 0:3.28-3.el7        policycoreutils.x86_64 0:2.5-34.el7        policycoreutils-python.x86_64 0:2.5-34.el7          python.x86_64 0:2.7.5-94.el7_9                
DEBUG util.py:537:    python-IPy.noarch 0:0.75-6.el7               rsync.x86_64 0:3.1.2-12.el7_9              scl-utils.x86_64 0:20130529-19.el7                  setools-libs.x86_64 0:3.3.8-4.el7             
DEBUG util.py:537:    xz-devel.x86_64 0:5.2.2-2.el7_9              yajl.x86_64 0:2.0.4-4.el7                 
DEBUG util.py:537:  Complete!
DEBUG util.py:688:  Child return code was: 0
DEBUG util.py:200:  kill orphans in chroot /var/lib/mock/centos+epel-7-x86_64/root
DEBUG util.py:200:  kill orphans in chroot /var/lib/mock/centos+epel-7-x86_64-bootstrap/root/var/lib/mock/centos+epel-7-x86_64/root
DEBUG util.py:717:  child environment: None
DEBUG util.py:636:  Executing command: ['/bin/umount', '-n', '-l', '/var/lib/mock/centos+epel-7-x86_64-bootstrap/root/var/lib/mock/centos+epel-7-x86_64/root'] with env {'TERM': 'vt100', 'SHELL': '/bin/sh', 'HOME': '/builddir', 'HOSTNAME': 'mock', 'PATH': '/usr/bin:/bin:/usr/sbin:/sbin', 'LANG': 'C.UTF-8'} and shell False
DEBUG util.py:688:  Child return code was: 0
DEBUG util.py:717:  child environment: None
DEBUG util.py:636:  Executing command: ['/bin/umount', '-n', '-l', '/var/lib/mock/centos+epel-7-x86_64-bootstrap/root/var/lib/mock/centos+epel-7-x86_64/root'] with env {'TERM': 'vt100', 'SHELL': '/bin/sh', 'HOME': '/builddir', 'HOSTNAME': 'mock', 'PATH': '/usr/bin:/bin:/usr/sbin:/sbin', 'LANG': 'C.UTF-8'} and shell False
DEBUG util.py:688:  Child return code was: 0
DEBUG util.py:717:  child environment: None
DEBUG util.py:636:  Executing command: ['/bin/umount', '-n', '-l', '/var/lib/mock/centos+epel-7-x86_64/root/sys/fs/selinux'] with env {'TERM': 'vt100', 'SHELL': '/bin/sh', 'HOME': '/builddir', 'HOSTNAME': 'mock', 'PATH': '/usr/bin:/bin:/usr/sbin:/sbin', 'LANG': 'C.UTF-8'} and shell False
DEBUG util.py:688:  Child return code was: 0
DEBUG util.py:717:  child environment: None
DEBUG util.py:636:  Executing command: ['/bin/umount', '-n', '/var/lib/mock/centos+epel-7-x86_64/root/proc/filesystems'] with env {'TERM': 'vt100', 'SHELL': '/bin/sh', 'HOME': '/builddir', 'HOSTNAME': 'mock', 'PATH': '/usr/bin:/bin:/usr/sbin:/sbin', 'LANG': 'C.UTF-8'} and shell False
DEBUG util.py:688:  Child return code was: 0
DEBUG util.py:717:  child environment: None
DEBUG util.py:636:  Executing command: ['/bin/umount', '-n', '-l', '/var/lib/mock/centos+epel-7-x86_64/root/dev/pts'] with env {'TERM': 'vt100', 'SHELL': '/bin/sh', 'HOME': '/builddir', 'HOSTNAME': 'mock', 'PATH': '/usr/bin:/bin:/usr/sbin:/sbin', 'LANG': 'C.UTF-8'} and shell False
DEBUG util.py:688:  Child return code was: 0
DEBUG util.py:717:  child environment: None
DEBUG util.py:636:  Executing command: ['/bin/umount', '-n', '-l', '/var/lib/mock/centos+epel-7-x86_64/root/dev/shm'] with env {'TERM': 'vt100', 'SHELL': '/bin/sh', 'HOME': '/builddir', 'HOSTNAME': 'mock', 'PATH': '/usr/bin:/bin:/usr/sbin:/sbin', 'LANG': 'C.UTF-8'} and shell False
DEBUG util.py:688:  Child return code was: 0
DEBUG util.py:717:  child environment: None
DEBUG util.py:636:  Executing command: ['/bin/umount', '-n', '-l', '/var/lib/mock/centos+epel-7-x86_64/root/sys'] with env {'TERM': 'vt100', 'SHELL': '/bin/sh', 'HOME': '/builddir', 'HOSTNAME': 'mock', 'PATH': '/usr/bin:/bin:/usr/sbin:/sbin', 'LANG': 'C.UTF-8'} and shell False
DEBUG util.py:688:  Child return code was: 0
DEBUG util.py:717:  child environment: None
DEBUG util.py:636:  Executing command: ['/bin/umount', '-n', '-l', '/var/lib/mock/centos+epel-7-x86_64/root/sys'] with env {'TERM': 'vt100', 'SHELL': '/bin/sh', 'HOME': '/builddir', 'HOSTNAME': 'mock', 'PATH': '/usr/bin:/bin:/usr/sbin:/sbin', 'LANG': 'C.UTF-8'} and shell False
DEBUG util.py:688:  Child return code was: 0
DEBUG util.py:717:  child environment: None
DEBUG util.py:636:  Executing command: ['/bin/umount', '-n', '-l', '/var/lib/mock/centos+epel-7-x86_64/root/proc'] with env {'TERM': 'vt100', 'SHELL': '/bin/sh', 'HOME': '/builddir', 'HOSTNAME': 'mock', 'PATH': '/usr/bin:/bin:/usr/sbin:/sbin', 'LANG': 'C.UTF-8'} and shell False
DEBUG util.py:688:  Child return code was: 0
DEBUG util.py:717:  child environment: None
DEBUG util.py:636:  Executing command: ['/bin/umount', '-n', '-l', '/var/lib/mock/centos+epel-7-x86_64/root/proc'] with env {'TERM': 'vt100', 'SHELL': '/bin/sh', 'HOME': '/builddir', 'HOSTNAME': 'mock', 'PATH': '/usr/bin:/bin:/usr/sbin:/sbin', 'LANG': 'C.UTF-8'} and shell False
DEBUG util.py:688:  Child return code was: 0
DEBUG file_util.py:17:  ensuring that dir exists: /var/lib/mock/centos+epel-7-x86_64-bootstrap/root/var/lib/mock/centos+epel-7-x86_64/root
DEBUG util.py:717:  child environment: None
DEBUG util.py:636:  Executing command: ['/bin/mount', '-n', '-t', 'tmpfs', '-o', 'private,mode=0755', 'tmpfs', '/var/lib/mock/centos+epel-7-x86_64-bootstrap/root/var/lib/mock/centos+epel-7-x86_64/root'] with env {'TERM': 'vt100', 'SHELL': '/bin/sh', 'HOME': '/builddir', 'HOSTNAME': 'mock', 'PATH': '/usr/bin:/bin:/usr/sbin:/sbin', 'LANG': 'C.UTF-8'} and shell False
DEBUG util.py:688:  Child return code was: 0
DEBUG file_util.py:17:  ensuring that dir exists: /var/lib/mock/centos+epel-7-x86_64-bootstrap/root/var/lib/mock/centos+epel-7-x86_64/root
DEBUG util.py:717:  child environment: None
DEBUG util.py:636:  Executing command: ['/bin/mount', '-n', '-o', 'rbind', '/var/lib/mock/centos+epel-7-x86_64/root', '/var/lib/mock/centos+epel-7-x86_64-bootstrap/root/var/lib/mock/centos+epel-7-x86_64/root'] with env {'TERM': 'vt100', 'SHELL': '/bin/sh', 'HOME': '/builddir', 'HOSTNAME': 'mock', 'PATH': '/usr/bin:/bin:/usr/sbin:/sbin', 'LANG': 'C.UTF-8'} and shell False
DEBUG util.py:688:  Child return code was: 0
DEBUG util.py:717:  child environment: None
DEBUG util.py:636:  Executing command: ['/bin/mount', '-n', '-o', 'remount,private,rbind', '--target', '/var/lib/mock/centos+epel-7-x86_64-bootstrap/root/var/lib/mock/centos+epel-7-x86_64/root'] with env {'TERM': 'vt100', 'SHELL': '/bin/sh', 'HOME': '/builddir', 'HOSTNAME': 'mock', 'PATH': '/usr/bin:/bin:/usr/sbin:/sbin', 'LANG': 'C.UTF-8'} and shell False
DEBUG util.py:688:  Child return code was: 0
DEBUG util.py:717:  child environment: None
DEBUG util.py:631:  Using nspawn with args ['--capability=cap_ipc_lock', '--resolv-conf=off']
DEBUG util.py:636:  Executing command: ['/usr/bin/systemd-nspawn', '-q', '-M', '708204f6432549a0a91c5d29dc17f6ce', '-D', '/var/lib/mock/centos+epel-7-x86_64-bootstrap/root', '-a', '--capability=cap_ipc_lock', '--resolv-conf=off', '--setenv=TERM=vt100', '--setenv=SHELL=/bin/bash', '--setenv=HOME=/builddir', '--setenv=HOSTNAME=mock', '--setenv=PATH=/usr/bin:/bin:/usr/sbin:/sbin', '--setenv=PROMPT_COMMAND=printf "\\033]0;<mock-chroot>\\007"', '--setenv=PS1=<mock-chroot> \\s-\\v\\$ ', '--setenv=LANG=C.UTF-8', '/bin/rpm', '-qa', '--root', '/var/lib/mock/centos+epel-7-x86_64/root'] with env {'TERM': 'vt100', 'SHELL': '/bin/bash', 'HOME': '/builddir', 'HOSTNAME': 'mock', 'PATH': '/usr/bin:/bin:/usr/sbin:/sbin', 'PROMPT_COMMAND': 'printf "\\033]0;<mock-chroot>\\007"', 'PS1': '<mock-chroot> \\s-\\v\\$ ', 'LANG': 'C.UTF-8', 'SYSTEMD_NSPAWN_TMPFS_TMP': '0', 'SYSTEMD_SECCOMP': '0'} and shell False
DEBUG util.py:537:  gpg-pubkey-352c64e5-52ae6884
DEBUG util.py:537:  centos-release-7-9.2009.2.el7.centos.x86_64
DEBUG util.py:537:  filesystem-3.2-25.el7.x86_64
DEBUG util.py:537:  python-rpm-macros-3-34.el7.noarch
DEBUG util.py:537:  ncurses-base-5.9-14.20130511.el7_4.noarch
DEBUG util.py:537:  kernel-headers-3.10.0-1160.119.1.el7.x86_64
DEBUG util.py:537:  nss-softokn-freebl-3.90.0-6.el7_9.x86_64
DEBUG util.py:537:  glibc-2.17-326.el7_9.3.x86_64
DEBUG util.py:537:  nss-util-3.90.0-1.el7_9.x86_64
DEBUG util.py:537:  ncurses-libs-5.9-14.20130511.el7_4.x86_64
DEBUG util.py:537:  libsepol-2.5-10.el7.x86_64
DEBUG util.py:537:  libselinux-2.5-15.el7.x86_64
DEBUG util.py:537:  info-5.1-5.el7.x86_64
DEBUG util.py:537:  xz-libs-5.2.2-2.el7_9.x86_64
DEBUG util.py:537:  libdb-5.3.21-25.el7.x86_64
DEBUG util.py:537:  gmp-6.0.0-15.el7.x86_64
DEBUG util.py:537:  libattr-2.4.46-13.el7.x86_64
DEBUG util.py:537:  libcap-2.22-11.el7.x86_64
DEBUG util.py:537:  libgpg-error-1.12-3.el7.x86_64
DEBUG util.py:537:  lua-5.1.4-15.el7.x86_64
DEBUG util.py:537:  mpfr-3.1.1-4.el7.x86_64
DEBUG util.py:537:  libffi-3.0.13-19.el7.x86_64
DEBUG util.py:537:  libcom_err-1.42.9-19.el7.x86_64
DEBUG util.py:537:  xz-5.2.2-2.el7_9.x86_64
DEBUG util.py:537:  findutils-4.5.11-6.el7.x86_64
DEBUG util.py:537:  cpio-2.11-28.el7.x86_64
DEBUG util.py:537:  expat-2.1.0-15.el7_9.x86_64
DEBUG util.py:537:  audit-libs-2.8.5-4.el7.x86_64
DEBUG util.py:537:  sqlite-3.7.17-8.el7_7.1.x86_64
DEBUG util.py:537:  tar-1.26-35.el7.x86_64
DEBUG util.py:537:  lz4-1.8.3-1.el7.x86_64
DEBUG util.py:537:  cpp-4.8.5-44.el7.x86_64
DEBUG util.py:537:  libassuan-2.1.0-3.el7.x86_64
DEBUG util.py:537:  patch-2.7.1-12.el7_7.x86_64
DEBUG util.py:537:  perl-parent-0.225-244.el7.noarch
DEBUG util.py:537:  perl-podlators-2.5.1-3.el7.noarch
DEBUG util.py:537:  perl-Pod-Escapes-1.04-299.el7_9.noarch
DEBUG util.py:537:  perl-Encode-2.51-7.el7.x86_64
DEBUG util.py:537:  perl-Time-HiRes-1.9725-3.el7.x86_64
DEBUG util.py:537:  perl-Storable-2.45-3.el7.x86_64
DEBUG util.py:537:  perl-Filter-1.49-3.el7.x86_64
DEBUG util.py:537:  perl-constant-1.27-2.el7.noarch
DEBUG util.py:537:  perl-macros-5.16.3-299.el7_9.x86_64
DEBUG util.py:537:  perl-File-Path-2.09-2.el7.noarch
DEBUG util.py:537:  perl-PathTools-3.40-5.el7.x86_64
DEBUG util.py:537:  perl-Scalar-List-Utils-1.27-248.el7.x86_64
DEBUG util.py:537:  perl-Pod-Simple-3.28-4.el7.noarch
DEBUG util.py:537:  perl-5.16.3-299.el7_9.x86_64
DEBUG util.py:537:  libdb-utils-5.3.21-25.el7.x86_64
DEBUG util.py:537:  kmod-libs-20-28.el7.x86_64
DEBUG util.py:537:  bzip2-1.0.6-13.el7.x86_64
DEBUG util.py:537:  zip-3.0-11.el7.x86_64
DEBUG util.py:537:  libgomp-4.8.5-44.el7.x86_64
DEBUG util.py:537:  glibc-devel-2.17-326.el7_9.3.x86_64
DEBUG util.py:537:  libstdc++-devel-4.8.5-44.el7.x86_64
DEBUG util.py:537:  libsmartcols-2.23.2-65.el7_9.1.x86_64
DEBUG util.py:537:  libsemanage-2.5-14.el7.x86_64
DEBUG util.py:537:  libtasn1-4.10-1.el7.x86_64
DEBUG util.py:537:  ca-certificates-2023.2.60_v7.0.306-72.el7_9.noarch
DEBUG util.py:537:  qrencode-libs-3.4.1-3.el7.x86_64
DEBUG util.py:537:  openssl-libs-1.0.2k-26.el7_9.x86_64
DEBUG util.py:537:  krb5-libs-1.15.1-55.el7_9.x86_64
DEBUG util.py:537:  gzip-1.5-11.el7_9.x86_64
DEBUG util.py:537:  libmount-2.23.2-65.el7_9.1.x86_64
DEBUG util.py:537:  shared-mime-info-1.8-5.el7.x86_64
DEBUG util.py:537:  shadow-utils-4.6-5.el7.x86_64
DEBUG util.py:537:  cracklib-dicts-2.9.0-11.el7.x86_64
DEBUG util.py:537:  libpwquality-1.2.3-5.el7.x86_64
DEBUG util.py:537:  gcc-4.8.5-44.el7.x86_64
DEBUG util.py:537:  nss-pem-1.0.3-7.el7_9.1.x86_64
DEBUG util.py:537:  nss-sysinit-3.90.0-2.el7_9.x86_64
DEBUG util.py:537:  python-libs-2.7.5-94.el7_9.x86_64
DEBUG util.py:537:  libssh2-1.8.0-4.el7_9.1.x86_64
DEBUG util.py:537:  curl-7.29.0-59.el7_9.2.x86_64
DEBUG util.py:537:  rpm-4.11.3-48.el7_9.x86_64
DEBUG util.py:537:  libuser-0.60-9.el7.x86_64
DEBUG util.py:537:  rpm-build-libs-4.11.3-48.el7_9.x86_64
DEBUG util.py:537:  lua-srpm-macros-1-13.el7.noarch
DEBUG util.py:537:  json-c-0.11-4.el7_0.x86_64
DEBUG util.py:537:  procps-ng-3.3.10-28.el7.x86_64
DEBUG util.py:537:  kpartx-0.4.9-136.el7_9.x86_64
DEBUG util.py:537:  cryptsetup-libs-2.0.3-6.el7.x86_64
DEBUG util.py:537:  kmod-20-28.el7.x86_64
DEBUG util.py:537:  systemd-libs-219-78.el7_9.9.x86_64
DEBUG util.py:537:  systemd-219-78.el7_9.9.x86_64
DEBUG util.py:537:  elfutils-default-yama-scope-0.176-5.el7.noarch
DEBUG util.py:537:  python2-rpm-macros-3-34.el7.noarch
DEBUG util.py:537:  rpm-build-4.11.3-48.el7_9.x86_64
DEBUG util.py:537:  make-3.82-24.el7.x86_64
DEBUG util.py:537:  epel-release-7-14.noarch
DEBUG util.py:537:  fipscheck-1.4.1-6.el7.x86_64
DEBUG util.py:537:  lmdb-libs-0.9.22-2.el7.x86_64
DEBUG util.py:537:  lmdb-0.9.22-2.el7.x86_64
DEBUG util.py:537:  python-IPy-0.75-6.el7.noarch
DEBUG util.py:537:  libselinux-python-2.5-15.el7.x86_64
DEBUG util.py:537:  libcgroup-0.41-21.el7.x86_64
DEBUG util.py:537:  setools-libs-3.3.8-4.el7.x86_64
DEBUG util.py:537:  libedit-3.0-12.20121213cvs.el7.x86_64
DEBUG util.py:537:  pcre2-utf16-10.23-2.el7.x86_64
DEBUG util.py:537:  scl-utils-20130529-19.el7.x86_64
DEBUG util.py:537:  perl-Data-Dumper-2.145-3.el7.x86_64
DEBUG util.py:537:  zlib-devel-1.2.7-21.el7_9.x86_64
DEBUG util.py:537:  policycoreutils-2.5-34.el7.x86_64
DEBUG util.py:537:  perl-TermReadKey-2.30-20.el7.x86_64
DEBUG util.py:537:  git-1.8.3.1-25.el7_9.x86_64
DEBUG util.py:537:  policycoreutils-python-2.5-34.el7.x86_64
DEBUG util.py:537:  devtoolset-11-libstdc++-devel-11.2.1-9.1.el7.x86_64
DEBUG util.py:537:  m4-1.4.16-10.el7.x86_64
DEBUG util.py:537:  automake-1.13.4-3.el7.noarch
DEBUG util.py:537:  yajl-devel-2.0.4-4.el7.x86_64
DEBUG util.py:537:  libxml2-devel-2.9.1-6.el7_9.6.x86_64
DEBUG util.py:537:  lmdb-devel-0.9.22-2.el7.x86_64
DEBUG util.py:537:  devtoolset-11-gcc-11.2.1-9.1.el7.x86_64
DEBUG util.py:537:  gpg-pubkey-f4a80eb5-53a7ff4b
DEBUG util.py:537:  libgcc-4.8.5-44.el7.x86_64
DEBUG util.py:537:  setup-2.8.71-11.el7.noarch
DEBUG util.py:537:  python-srpm-macros-3-34.el7.noarch
DEBUG util.py:537:  basesystem-10.0-7.el7.centos.noarch
DEBUG util.py:537:  perl-srpm-macros-1-8.el7.noarch
DEBUG util.py:537:  tzdata-2024a-1.el7.noarch
DEBUG util.py:537:  glibc-common-2.17-326.el7_9.3.x86_64
DEBUG util.py:537:  nspr-4.35.0-1.el7_9.x86_64
DEBUG util.py:537:  libstdc++-4.8.5-44.el7.x86_64
DEBUG util.py:537:  bash-4.2.46-35.el7_9.x86_64
DEBUG util.py:537:  pcre-8.32-17.el7.x86_64
DEBUG util.py:537:  zlib-1.2.7-21.el7_9.x86_64
DEBUG util.py:537:  bzip2-libs-1.0.6-13.el7.x86_64
DEBUG util.py:537:  elfutils-libelf-0.176-5.el7.x86_64
DEBUG util.py:537:  sed-4.2.2-7.el7.x86_64
DEBUG util.py:537:  popt-1.13-16.el7.x86_64
DEBUG util.py:537:  libacl-2.2.51-15.el7.x86_64
DEBUG util.py:537:  readline-6.2-11.el7.x86_64
DEBUG util.py:537:  libgcrypt-1.5.3-14.el7.x86_64
DEBUG util.py:537:  chkconfig-1.7.6-1.el7.x86_64
DEBUG util.py:537:  grep-2.20-3.el7.x86_64
DEBUG util.py:537:  libuuid-2.23.2-65.el7_9.1.x86_64
DEBUG util.py:537:  libmpc-1.0.1-3.el7.x86_64
DEBUG util.py:537:  gawk-4.0.2-4.el7_3.1.x86_64
DEBUG util.py:537:  diffutils-3.3-6.el7_9.x86_64
DEBUG util.py:537:  file-libs-5.11-37.el7.x86_64
DEBUG util.py:537:  libcap-ng-0.7.5-4.el7.x86_64
DEBUG util.py:537:  p11-kit-0.23.5-3.el7.x86_64
DEBUG util.py:537:  nss-softokn-3.90.0-6.el7_9.x86_64
DEBUG util.py:537:  gdbm-1.10-8.el7.x86_64
DEBUG util.py:537:  file-5.11-37.el7.x86_64
DEBUG util.py:537:  pinentry-0.8.1-17.el7.x86_64
DEBUG util.py:537:  acl-2.2.51-15.el7.x86_64
DEBUG util.py:537:  groff-base-1.22.2-8.el7.x86_64
DEBUG util.py:537:  perl-HTTP-Tiny-0.033-3.el7.noarch
DEBUG util.py:537:  perl-Pod-Perldoc-3.20-4.el7.noarch
DEBUG util.py:537:  perl-Text-ParseWords-3.29-4.el7.noarch
DEBUG util.py:537:  perl-Pod-Usage-1.63-3.el7.noarch
DEBUG util.py:537:  perl-threads-1.87-4.el7.x86_64
DEBUG util.py:537:  perl-Carp-1.26-244.el7.noarch
DEBUG util.py:537:  perl-Exporter-5.68-3.el7.noarch
DEBUG util.py:537:  perl-Socket-2.010-5.el7.x86_64
DEBUG util.py:537:  perl-Time-Local-1.2300-2.el7.noarch
DEBUG util.py:537:  perl-File-Temp-0.23.01-3.el7.noarch
DEBUG util.py:537:  perl-threads-shared-1.43-6.el7.x86_64
DEBUG util.py:537:  perl-libs-5.16.3-299.el7_9.x86_64
DEBUG util.py:537:  perl-Getopt-Long-2.40-3.el7.noarch
DEBUG util.py:537:  perl-Thread-Queue-3.02-2.el7.noarch
DEBUG util.py:537:  dwz-0.11-3.el7.x86_64
DEBUG util.py:537:  libxml2-2.9.1-6.el7_9.6.x86_64
DEBUG util.py:537:  unzip-6.0-24.el7_9.x86_64
DEBUG util.py:537:  libidn-1.28-4.el7.x86_64
DEBUG util.py:537:  glibc-headers-2.17-326.el7_9.3.x86_64
DEBUG util.py:537:  ncurses-5.9-14.20130511.el7_4.x86_64
DEBUG util.py:537:  pth-2.0.7-23.el7.x86_64
DEBUG util.py:537:  ustr-1.0.4-16.el7.x86_64
DEBUG util.py:537:  libverto-0.2.5-4.el7.x86_64
DEBUG util.py:537:  p11-kit-trust-0.23.5-3.el7.x86_64
DEBUG util.py:537:  hardlink-1.0-19.el7.x86_64
DEBUG util.py:537:  keyutils-libs-1.5.8-3.el7.x86_64
DEBUG util.py:537:  coreutils-8.22-24.el7_9.2.x86_64
DEBUG util.py:537:  libblkid-2.23.2-65.el7_9.1.x86_64
DEBUG util.py:537:  cracklib-2.9.0-11.el7.x86_64
DEBUG util.py:537:  glib2-2.56.1-9.el7_9.x86_64
DEBUG util.py:537:  binutils-2.27-44.base.el7_9.1.x86_64
DEBUG util.py:537:  pkgconfig-0.27.1-4.el7.x86_64
DEBUG util.py:537:  pam-1.1.8-23.el7.x86_64
DEBUG util.py:537:  libutempter-1.1.6-4.el7.x86_64
DEBUG util.py:537:  cyrus-sasl-lib-2.1.26-24.el7_9.x86_64
DEBUG util.py:537:  nss-3.90.0-2.el7_9.x86_64
DEBUG util.py:537:  nss-tools-3.90.0-2.el7_9.x86_64
DEBUG util.py:537:  gdb-7.6.1-120.el7.x86_64
DEBUG util.py:537:  libcurl-7.29.0-59.el7_9.2.x86_64
DEBUG util.py:537:  rpm-libs-4.11.3-48.el7_9.x86_64
DEBUG util.py:537:  openldap-2.4.44-25.el7_9.x86_64
DEBUG util.py:537:  gnupg2-2.0.22-5.el7_5.x86_64
DEBUG util.py:537:  perl-generators-epel-1-1.el7.noarch
DEBUG util.py:537:  redhat-rpm-config-9.1.0-88.el7.centos.noarch
DEBUG util.py:537:  util-linux-2.23.2-65.el7_9.1.x86_64
DEBUG util.py:537:  device-mapper-1.02.170-6.el7_9.5.x86_64
DEBUG util.py:537:  device-mapper-libs-1.02.170-6.el7_9.5.x86_64
DEBUG util.py:537:  dracut-033-572.el7.x86_64
DEBUG util.py:537:  elfutils-libs-0.176-5.el7.x86_64
DEBUG util.py:537:  dbus-libs-1.10.24-15.el7.x86_64
DEBUG util.py:537:  dbus-1.10.24-15.el7.x86_64
DEBUG util.py:537:  elfutils-0.176-5.el7.x86_64
DEBUG util.py:537:  epel-rpm-macros-7-38.noarch
DEBUG util.py:537:  gcc-c++-4.8.5-44.el7.x86_64
DEBUG util.py:537:  which-2.20-7.el7.x86_64
DEBUG util.py:537:  python-2.7.5-94.el7_9.x86_64
DEBUG util.py:537:  fipscheck-lib-1.4.1-6.el7.x86_64
DEBUG util.py:537:  perl-Error-0.17020-2.el7.noarch
DEBUG util.py:537:  openssh-7.4p1-23.el7_9.x86_64
DEBUG util.py:537:  libsemanage-python-2.5-14.el7.x86_64
DEBUG util.py:537:  audit-libs-python-2.8.5-4.el7.x86_64
DEBUG util.py:537:  perl-Test-Harness-3.28-3.el7.noarch
DEBUG util.py:537:  pcre2-utf32-10.23-2.el7.x86_64
DEBUG util.py:537:  openssh-clients-7.4p1-23.el7_9.x86_64
DEBUG util.py:537:  xz-devel-5.2.2-2.el7_9.x86_64
DEBUG util.py:537:  less-458-10.el7_9.x86_64
DEBUG util.py:537:  pcre2-10.23-2.el7.x86_64
DEBUG util.py:537:  libselinux-utils-2.5-15.el7.x86_64
DEBUG util.py:537:  rsync-3.1.2-12.el7_9.x86_64
DEBUG util.py:537:  perl-Git-1.8.3.1-25.el7_9.noarch
DEBUG util.py:537:  checkpolicy-2.5-8.el7.x86_64
DEBUG util.py:537:  devtoolset-11-runtime-11.1-2.el7.x86_64
DEBUG util.py:537:  devtoolset-11-binutils-2.36.1-1.el7.2.x86_64
DEBUG util.py:537:  autoconf-2.69-11.el7.noarch
DEBUG util.py:537:  yajl-2.0.4-4.el7.x86_64
DEBUG util.py:537:  libtool-2.4.2-22.el7_3.x86_64
DEBUG util.py:537:  pcre2-devel-10.23-2.el7.x86_64
DEBUG util.py:537:  libcurl-devel-7.29.0-59.el7_9.2.x86_64
DEBUG util.py:537:  devtoolset-11-gcc-c++-11.2.1-9.1.el7.x86_64
DEBUG util.py:688:  Child return code was: 0
DEBUG util.py:200:  kill orphans in chroot /var/lib/mock/centos+epel-7-x86_64/root
DEBUG util.py:200:  kill orphans in chroot /var/lib/mock/centos+epel-7-x86_64-bootstrap/root/var/lib/mock/centos+epel-7-x86_64/root
DEBUG util.py:717:  child environment: None
DEBUG util.py:636:  Executing command: ['/bin/umount', '-n', '-l', '/var/lib/mock/centos+epel-7-x86_64-bootstrap/root/var/lib/mock/centos+epel-7-x86_64/root'] with env {'TERM': 'vt100', 'SHELL': '/bin/sh', 'HOME': '/builddir', 'HOSTNAME': 'mock', 'PATH': '/usr/bin:/bin:/usr/sbin:/sbin', 'LANG': 'C.UTF-8'} and shell False
DEBUG util.py:688:  Child return code was: 0
DEBUG util.py:717:  child environment: None
DEBUG util.py:636:  Executing command: ['/bin/umount', '-n', '-l', '/var/lib/mock/centos+epel-7-x86_64-bootstrap/root/var/lib/mock/centos+epel-7-x86_64/root'] with env {'TERM': 'vt100', 'SHELL': '/bin/sh', 'HOME': '/builddir', 'HOSTNAME': 'mock', 'PATH': '/usr/bin:/bin:/usr/sbin:/sbin', 'LANG': 'C.UTF-8'} and shell False
DEBUG util.py:688:  Child return code was: 0
DEBUG file_util.py:17:  ensuring that dir exists: /var/lib/mock/centos+epel-7-x86_64-bootstrap/root/var/lib/mock/centos+epel-7-x86_64/root
DEBUG util.py:717:  child environment: None
DEBUG util.py:636:  Executing command: ['/bin/mount', '-n', '-t', 'tmpfs', '-o', 'private,mode=0755', 'tmpfs', '/var/lib/mock/centos+epel-7-x86_64-bootstrap/root/var/lib/mock/centos+epel-7-x86_64/root'] with env {'TERM': 'vt100', 'SHELL': '/bin/sh', 'HOME': '/builddir', 'HOSTNAME': 'mock', 'PATH': '/usr/bin:/bin:/usr/sbin:/sbin', 'LANG': 'C.UTF-8'} and shell False
DEBUG util.py:688:  Child return code was: 0
DEBUG file_util.py:17:  ensuring that dir exists: /var/lib/mock/centos+epel-7-x86_64-bootstrap/root/var/lib/mock/centos+epel-7-x86_64/root
DEBUG util.py:717:  child environment: None
DEBUG util.py:636:  Executing command: ['/bin/mount', '-n', '-o', 'rbind', '/var/lib/mock/centos+epel-7-x86_64/root', '/var/lib/mock/centos+epel-7-x86_64-bootstrap/root/var/lib/mock/centos+epel-7-x86_64/root'] with env {'TERM': 'vt100', 'SHELL': '/bin/sh', 'HOME': '/builddir', 'HOSTNAME': 'mock', 'PATH': '/usr/bin:/bin:/usr/sbin:/sbin', 'LANG': 'C.UTF-8'} and shell False
DEBUG util.py:688:  Child return code was: 0
DEBUG util.py:717:  child environment: None
DEBUG util.py:636:  Executing command: ['/bin/mount', '-n', '-o', 'remount,private,rbind', '--target', '/var/lib/mock/centos+epel-7-x86_64-bootstrap/root/var/lib/mock/centos+epel-7-x86_64/root'] with env {'TERM': 'vt100', 'SHELL': '/bin/sh', 'HOME': '/builddir', 'HOSTNAME': 'mock', 'PATH': '/usr/bin:/bin:/usr/sbin:/sbin', 'LANG': 'C.UTF-8'} and shell False
DEBUG util.py:688:  Child return code was: 0
DEBUG util.py:717:  child environment: None
DEBUG util.py:631:  Using nspawn with args ['--capability=cap_ipc_lock', '--resolv-conf=off']
DEBUG util.py:636:  Executing command: ['/usr/bin/systemd-nspawn', '-q', '-M', 'a0114fcc0f694489801ec724f84454f7', '-D', '/var/lib/mock/centos+epel-7-x86_64-bootstrap/root', '-a', '--capability=cap_ipc_lock', '--resolv-conf=off', '--setenv=TERM=vt100', '--setenv=SHELL=/bin/bash', '--setenv=HOME=/builddir', '--setenv=HOSTNAME=mock', '--setenv=PATH=/usr/bin:/bin:/usr/sbin:/sbin', '--setenv=PROMPT_COMMAND=printf "\\033]0;<mock-chroot>\\007"', '--setenv=PS1=<mock-chroot> \\s-\\v\\$ ', '--setenv=LANG=C.UTF-8', '/bin/rpm', '-qa', '--root', '/var/lib/mock/centos+epel-7-x86_64/root'] with env {'TERM': 'vt100', 'SHELL': '/bin/bash', 'HOME': '/builddir', 'HOSTNAME': 'mock', 'PATH': '/usr/bin:/bin:/usr/sbin:/sbin', 'PROMPT_COMMAND': 'printf "\\033]0;<mock-chroot>\\007"', 'PS1': '<mock-chroot> \\s-\\v\\$ ', 'LANG': 'C.UTF-8', 'SYSTEMD_NSPAWN_TMPFS_TMP': '0', 'SYSTEMD_SECCOMP': '0'} and shell False
DEBUG util.py:537:  gpg-pubkey-352c64e5-52ae6884
DEBUG util.py:537:  centos-release-7-9.2009.2.el7.centos.x86_64
DEBUG util.py:537:  filesystem-3.2-25.el7.x86_64
DEBUG util.py:537:  python-rpm-macros-3-34.el7.noarch
DEBUG util.py:537:  ncurses-base-5.9-14.20130511.el7_4.noarch
DEBUG util.py:537:  kernel-headers-3.10.0-1160.119.1.el7.x86_64
DEBUG util.py:537:  nss-softokn-freebl-3.90.0-6.el7_9.x86_64
DEBUG util.py:537:  glibc-2.17-326.el7_9.3.x86_64
DEBUG util.py:537:  nss-util-3.90.0-1.el7_9.x86_64
DEBUG util.py:537:  ncurses-libs-5.9-14.20130511.el7_4.x86_64
DEBUG util.py:537:  libsepol-2.5-10.el7.x86_64
DEBUG util.py:537:  libselinux-2.5-15.el7.x86_64
DEBUG util.py:537:  info-5.1-5.el7.x86_64
DEBUG util.py:537:  xz-libs-5.2.2-2.el7_9.x86_64
DEBUG util.py:537:  libdb-5.3.21-25.el7.x86_64
DEBUG util.py:537:  gmp-6.0.0-15.el7.x86_64
DEBUG util.py:537:  libattr-2.4.46-13.el7.x86_64
DEBUG util.py:537:  libcap-2.22-11.el7.x86_64
DEBUG util.py:537:  libgpg-error-1.12-3.el7.x86_64
DEBUG util.py:537:  lua-5.1.4-15.el7.x86_64
DEBUG util.py:537:  mpfr-3.1.1-4.el7.x86_64
DEBUG util.py:537:  libffi-3.0.13-19.el7.x86_64
DEBUG util.py:537:  libcom_err-1.42.9-19.el7.x86_64
DEBUG util.py:537:  xz-5.2.2-2.el7_9.x86_64
DEBUG util.py:537:  findutils-4.5.11-6.el7.x86_64
DEBUG util.py:537:  cpio-2.11-28.el7.x86_64
DEBUG util.py:537:  expat-2.1.0-15.el7_9.x86_64
DEBUG util.py:537:  audit-libs-2.8.5-4.el7.x86_64
DEBUG util.py:537:  sqlite-3.7.17-8.el7_7.1.x86_64
DEBUG util.py:537:  tar-1.26-35.el7.x86_64
DEBUG util.py:537:  lz4-1.8.3-1.el7.x86_64
DEBUG util.py:537:  cpp-4.8.5-44.el7.x86_64
DEBUG util.py:537:  libassuan-2.1.0-3.el7.x86_64
DEBUG util.py:537:  patch-2.7.1-12.el7_7.x86_64
DEBUG util.py:537:  perl-parent-0.225-244.el7.noarch
DEBUG util.py:537:  perl-podlators-2.5.1-3.el7.noarch
DEBUG util.py:537:  perl-Pod-Escapes-1.04-299.el7_9.noarch
DEBUG util.py:537:  perl-Encode-2.51-7.el7.x86_64
DEBUG util.py:537:  perl-Time-HiRes-1.9725-3.el7.x86_64
DEBUG util.py:537:  perl-Storable-2.45-3.el7.x86_64
DEBUG util.py:537:  perl-Filter-1.49-3.el7.x86_64
DEBUG util.py:537:  perl-constant-1.27-2.el7.noarch
DEBUG util.py:537:  perl-macros-5.16.3-299.el7_9.x86_64
DEBUG util.py:537:  perl-File-Path-2.09-2.el7.noarch
DEBUG util.py:537:  perl-PathTools-3.40-5.el7.x86_64
DEBUG util.py:537:  perl-Scalar-List-Utils-1.27-248.el7.x86_64
DEBUG util.py:537:  perl-Pod-Simple-3.28-4.el7.noarch
DEBUG util.py:537:  perl-5.16.3-299.el7_9.x86_64
DEBUG util.py:537:  libdb-utils-5.3.21-25.el7.x86_64
DEBUG util.py:537:  kmod-libs-20-28.el7.x86_64
DEBUG util.py:537:  bzip2-1.0.6-13.el7.x86_64
DEBUG util.py:537:  zip-3.0-11.el7.x86_64
DEBUG util.py:537:  libgomp-4.8.5-44.el7.x86_64
DEBUG util.py:537:  glibc-devel-2.17-326.el7_9.3.x86_64
DEBUG util.py:537:  libstdc++-devel-4.8.5-44.el7.x86_64
DEBUG util.py:537:  libsmartcols-2.23.2-65.el7_9.1.x86_64
DEBUG util.py:537:  libsemanage-2.5-14.el7.x86_64
DEBUG util.py:537:  libtasn1-4.10-1.el7.x86_64
DEBUG util.py:537:  ca-certificates-2023.2.60_v7.0.306-72.el7_9.noarch
DEBUG util.py:537:  qrencode-libs-3.4.1-3.el7.x86_64
DEBUG util.py:537:  openssl-libs-1.0.2k-26.el7_9.x86_64
DEBUG util.py:537:  krb5-libs-1.15.1-55.el7_9.x86_64
DEBUG util.py:537:  gzip-1.5-11.el7_9.x86_64
DEBUG util.py:537:  libmount-2.23.2-65.el7_9.1.x86_64
DEBUG util.py:537:  shared-mime-info-1.8-5.el7.x86_64
DEBUG util.py:537:  shadow-utils-4.6-5.el7.x86_64
DEBUG util.py:537:  cracklib-dicts-2.9.0-11.el7.x86_64
DEBUG util.py:537:  libpwquality-1.2.3-5.el7.x86_64
DEBUG util.py:537:  gcc-4.8.5-44.el7.x86_64
DEBUG util.py:537:  nss-pem-1.0.3-7.el7_9.1.x86_64
DEBUG util.py:537:  nss-sysinit-3.90.0-2.el7_9.x86_64
DEBUG util.py:537:  python-libs-2.7.5-94.el7_9.x86_64
DEBUG util.py:537:  libssh2-1.8.0-4.el7_9.1.x86_64
DEBUG util.py:537:  curl-7.29.0-59.el7_9.2.x86_64
DEBUG util.py:537:  rpm-4.11.3-48.el7_9.x86_64
DEBUG util.py:537:  libuser-0.60-9.el7.x86_64
DEBUG util.py:537:  rpm-build-libs-4.11.3-48.el7_9.x86_64
DEBUG util.py:537:  lua-srpm-macros-1-13.el7.noarch
DEBUG util.py:537:  json-c-0.11-4.el7_0.x86_64
DEBUG util.py:537:  procps-ng-3.3.10-28.el7.x86_64
DEBUG util.py:537:  kpartx-0.4.9-136.el7_9.x86_64
DEBUG util.py:537:  cryptsetup-libs-2.0.3-6.el7.x86_64
DEBUG util.py:537:  kmod-20-28.el7.x86_64
DEBUG util.py:537:  systemd-libs-219-78.el7_9.9.x86_64
DEBUG util.py:537:  systemd-219-78.el7_9.9.x86_64
DEBUG util.py:537:  elfutils-default-yama-scope-0.176-5.el7.noarch
DEBUG util.py:537:  python2-rpm-macros-3-34.el7.noarch
DEBUG util.py:537:  rpm-build-4.11.3-48.el7_9.x86_64
DEBUG util.py:537:  make-3.82-24.el7.x86_64
DEBUG util.py:537:  epel-release-7-14.noarch
DEBUG util.py:537:  fipscheck-1.4.1-6.el7.x86_64
DEBUG util.py:537:  lmdb-libs-0.9.22-2.el7.x86_64
DEBUG util.py:537:  lmdb-0.9.22-2.el7.x86_64
DEBUG util.py:537:  python-IPy-0.75-6.el7.noarch
DEBUG util.py:537:  libselinux-python-2.5-15.el7.x86_64
DEBUG util.py:537:  libcgroup-0.41-21.el7.x86_64
DEBUG util.py:537:  setools-libs-3.3.8-4.el7.x86_64
DEBUG util.py:537:  libedit-3.0-12.20121213cvs.el7.x86_64
DEBUG util.py:537:  pcre2-utf16-10.23-2.el7.x86_64
DEBUG util.py:537:  scl-utils-20130529-19.el7.x86_64
DEBUG util.py:537:  perl-Data-Dumper-2.145-3.el7.x86_64
DEBUG util.py:537:  zlib-devel-1.2.7-21.el7_9.x86_64
DEBUG util.py:537:  policycoreutils-2.5-34.el7.x86_64
DEBUG util.py:537:  perl-TermReadKey-2.30-20.el7.x86_64
DEBUG util.py:537:  git-1.8.3.1-25.el7_9.x86_64
DEBUG util.py:537:  policycoreutils-python-2.5-34.el7.x86_64
DEBUG util.py:537:  devtoolset-11-libstdc++-devel-11.2.1-9.1.el7.x86_64
DEBUG util.py:537:  m4-1.4.16-10.el7.x86_64
DEBUG util.py:537:  automake-1.13.4-3.el7.noarch
DEBUG util.py:537:  yajl-devel-2.0.4-4.el7.x86_64
DEBUG util.py:537:  libxml2-devel-2.9.1-6.el7_9.6.x86_64
DEBUG util.py:537:  lmdb-devel-0.9.22-2.el7.x86_64
DEBUG util.py:537:  devtoolset-11-gcc-11.2.1-9.1.el7.x86_64
DEBUG util.py:537:  gpg-pubkey-f4a80eb5-53a7ff4b
DEBUG util.py:537:  libgcc-4.8.5-44.el7.x86_64
DEBUG util.py:537:  setup-2.8.71-11.el7.noarch
DEBUG util.py:537:  python-srpm-macros-3-34.el7.noarch
DEBUG util.py:537:  basesystem-10.0-7.el7.centos.noarch
DEBUG util.py:537:  perl-srpm-macros-1-8.el7.noarch
DEBUG util.py:537:  tzdata-2024a-1.el7.noarch
DEBUG util.py:537:  glibc-common-2.17-326.el7_9.3.x86_64
DEBUG util.py:537:  nspr-4.35.0-1.el7_9.x86_64
DEBUG util.py:537:  libstdc++-4.8.5-44.el7.x86_64
DEBUG util.py:537:  bash-4.2.46-35.el7_9.x86_64
DEBUG util.py:537:  pcre-8.32-17.el7.x86_64
DEBUG util.py:537:  zlib-1.2.7-21.el7_9.x86_64
DEBUG util.py:537:  bzip2-libs-1.0.6-13.el7.x86_64
DEBUG util.py:537:  elfutils-libelf-0.176-5.el7.x86_64
DEBUG util.py:537:  sed-4.2.2-7.el7.x86_64
DEBUG util.py:537:  popt-1.13-16.el7.x86_64
DEBUG util.py:537:  libacl-2.2.51-15.el7.x86_64
DEBUG util.py:537:  readline-6.2-11.el7.x86_64
DEBUG util.py:537:  libgcrypt-1.5.3-14.el7.x86_64
DEBUG util.py:537:  chkconfig-1.7.6-1.el7.x86_64
DEBUG util.py:537:  grep-2.20-3.el7.x86_64
DEBUG util.py:537:  libuuid-2.23.2-65.el7_9.1.x86_64
DEBUG util.py:537:  libmpc-1.0.1-3.el7.x86_64
DEBUG util.py:537:  gawk-4.0.2-4.el7_3.1.x86_64
DEBUG util.py:537:  diffutils-3.3-6.el7_9.x86_64
DEBUG util.py:537:  file-libs-5.11-37.el7.x86_64
DEBUG util.py:537:  libcap-ng-0.7.5-4.el7.x86_64
DEBUG util.py:537:  p11-kit-0.23.5-3.el7.x86_64
DEBUG util.py:537:  nss-softokn-3.90.0-6.el7_9.x86_64
DEBUG util.py:537:  gdbm-1.10-8.el7.x86_64
DEBUG util.py:537:  file-5.11-37.el7.x86_64
DEBUG util.py:537:  pinentry-0.8.1-17.el7.x86_64
DEBUG util.py:537:  acl-2.2.51-15.el7.x86_64
DEBUG util.py:537:  groff-base-1.22.2-8.el7.x86_64
DEBUG util.py:537:  perl-HTTP-Tiny-0.033-3.el7.noarch
DEBUG util.py:537:  perl-Pod-Perldoc-3.20-4.el7.noarch
DEBUG util.py:537:  perl-Text-ParseWords-3.29-4.el7.noarch
DEBUG util.py:537:  perl-Pod-Usage-1.63-3.el7.noarch
DEBUG util.py:537:  perl-threads-1.87-4.el7.x86_64
DEBUG util.py:537:  perl-Carp-1.26-244.el7.noarch
DEBUG util.py:537:  perl-Exporter-5.68-3.el7.noarch
DEBUG util.py:537:  perl-Socket-2.010-5.el7.x86_64
DEBUG util.py:537:  perl-Time-Local-1.2300-2.el7.noarch
DEBUG util.py:537:  perl-File-Temp-0.23.01-3.el7.noarch
DEBUG util.py:537:  perl-threads-shared-1.43-6.el7.x86_64
DEBUG util.py:537:  perl-libs-5.16.3-299.el7_9.x86_64
DEBUG util.py:537:  perl-Getopt-Long-2.40-3.el7.noarch
DEBUG util.py:537:  perl-Thread-Queue-3.02-2.el7.noarch
DEBUG util.py:537:  dwz-0.11-3.el7.x86_64
DEBUG util.py:537:  libxml2-2.9.1-6.el7_9.6.x86_64
DEBUG util.py:537:  unzip-6.0-24.el7_9.x86_64
DEBUG util.py:537:  libidn-1.28-4.el7.x86_64
DEBUG util.py:537:  glibc-headers-2.17-326.el7_9.3.x86_64
DEBUG util.py:537:  ncurses-5.9-14.20130511.el7_4.x86_64
DEBUG util.py:537:  pth-2.0.7-23.el7.x86_64
DEBUG util.py:537:  ustr-1.0.4-16.el7.x86_64
DEBUG util.py:537:  libverto-0.2.5-4.el7.x86_64
DEBUG util.py:537:  p11-kit-trust-0.23.5-3.el7.x86_64
DEBUG util.py:537:  hardlink-1.0-19.el7.x86_64
DEBUG util.py:537:  keyutils-libs-1.5.8-3.el7.x86_64
DEBUG util.py:537:  coreutils-8.22-24.el7_9.2.x86_64
DEBUG util.py:537:  libblkid-2.23.2-65.el7_9.1.x86_64
DEBUG util.py:537:  cracklib-2.9.0-11.el7.x86_64
DEBUG util.py:537:  glib2-2.56.1-9.el7_9.x86_64
DEBUG util.py:537:  binutils-2.27-44.base.el7_9.1.x86_64
DEBUG util.py:537:  pkgconfig-0.27.1-4.el7.x86_64
DEBUG util.py:537:  pam-1.1.8-23.el7.x86_64
DEBUG util.py:537:  libutempter-1.1.6-4.el7.x86_64
DEBUG util.py:537:  cyrus-sasl-lib-2.1.26-24.el7_9.x86_64
DEBUG util.py:537:  nss-3.90.0-2.el7_9.x86_64
DEBUG util.py:537:  nss-tools-3.90.0-2.el7_9.x86_64
DEBUG util.py:537:  gdb-7.6.1-120.el7.x86_64
DEBUG util.py:537:  libcurl-7.29.0-59.el7_9.2.x86_64
DEBUG util.py:537:  rpm-libs-4.11.3-48.el7_9.x86_64
DEBUG util.py:537:  openldap-2.4.44-25.el7_9.x86_64
DEBUG util.py:537:  gnupg2-2.0.22-5.el7_5.x86_64
DEBUG util.py:537:  perl-generators-epel-1-1.el7.noarch
DEBUG util.py:537:  redhat-rpm-config-9.1.0-88.el7.centos.noarch
DEBUG util.py:537:  util-linux-2.23.2-65.el7_9.1.x86_64
DEBUG util.py:537:  device-mapper-1.02.170-6.el7_9.5.x86_64
DEBUG util.py:537:  device-mapper-libs-1.02.170-6.el7_9.5.x86_64
DEBUG util.py:537:  dracut-033-572.el7.x86_64
DEBUG util.py:537:  elfutils-libs-0.176-5.el7.x86_64
DEBUG util.py:537:  dbus-libs-1.10.24-15.el7.x86_64
DEBUG util.py:537:  dbus-1.10.24-15.el7.x86_64
DEBUG util.py:537:  elfutils-0.176-5.el7.x86_64
DEBUG util.py:537:  epel-rpm-macros-7-38.noarch
DEBUG util.py:537:  gcc-c++-4.8.5-44.el7.x86_64
DEBUG util.py:537:  which-2.20-7.el7.x86_64
DEBUG util.py:537:  python-2.7.5-94.el7_9.x86_64
DEBUG util.py:537:  fipscheck-lib-1.4.1-6.el7.x86_64
DEBUG util.py:537:  perl-Error-0.17020-2.el7.noarch
DEBUG util.py:537:  openssh-7.4p1-23.el7_9.x86_64
DEBUG util.py:537:  libsemanage-python-2.5-14.el7.x86_64
DEBUG util.py:537:  audit-libs-python-2.8.5-4.el7.x86_64
DEBUG util.py:537:  perl-Test-Harness-3.28-3.el7.noarch
DEBUG util.py:537:  pcre2-utf32-10.23-2.el7.x86_64
DEBUG util.py:537:  openssh-clients-7.4p1-23.el7_9.x86_64
DEBUG util.py:537:  xz-devel-5.2.2-2.el7_9.x86_64
DEBUG util.py:537:  less-458-10.el7_9.x86_64
DEBUG util.py:537:  pcre2-10.23-2.el7.x86_64
DEBUG util.py:537:  libselinux-utils-2.5-15.el7.x86_64
DEBUG util.py:537:  rsync-3.1.2-12.el7_9.x86_64
DEBUG util.py:537:  perl-Git-1.8.3.1-25.el7_9.noarch
DEBUG util.py:537:  checkpolicy-2.5-8.el7.x86_64
DEBUG util.py:537:  devtoolset-11-runtime-11.1-2.el7.x86_64
DEBUG util.py:537:  devtoolset-11-binutils-2.36.1-1.el7.2.x86_64
DEBUG util.py:537:  autoconf-2.69-11.el7.noarch
DEBUG util.py:537:  yajl-2.0.4-4.el7.x86_64
DEBUG util.py:537:  libtool-2.4.2-22.el7_3.x86_64
DEBUG util.py:537:  pcre2-devel-10.23-2.el7.x86_64
DEBUG util.py:537:  libcurl-devel-7.29.0-59.el7_9.2.x86_64
DEBUG util.py:537:  devtoolset-11-gcc-c++-11.2.1-9.1.el7.x86_64
DEBUG util.py:688:  Child return code was: 0
DEBUG util.py:200:  kill orphans in chroot /var/lib/mock/centos+epel-7-x86_64/root
DEBUG util.py:200:  kill orphans in chroot /var/lib/mock/centos+epel-7-x86_64-bootstrap/root/var/lib/mock/centos+epel-7-x86_64/root
DEBUG util.py:717:  child environment: None
DEBUG util.py:636:  Executing command: ['/bin/umount', '-n', '-l', '/var/lib/mock/centos+epel-7-x86_64-bootstrap/root/var/lib/mock/centos+epel-7-x86_64/root'] with env {'TERM': 'vt100', 'SHELL': '/bin/sh', 'HOME': '/builddir', 'HOSTNAME': 'mock', 'PATH': '/usr/bin:/bin:/usr/sbin:/sbin', 'LANG': 'C.UTF-8'} and shell False
DEBUG util.py:688:  Child return code was: 0
DEBUG util.py:717:  child environment: None
DEBUG util.py:636:  Executing command: ['/bin/umount', '-n', '-l', '/var/lib/mock/centos+epel-7-x86_64-bootstrap/root/var/lib/mock/centos+epel-7-x86_64/root'] with env {'TERM': 'vt100', 'SHELL': '/bin/sh', 'HOME': '/builddir', 'HOSTNAME': 'mock', 'PATH': '/usr/bin:/bin:/usr/sbin:/sbin', 'LANG': 'C.UTF-8'} and shell False
DEBUG util.py:688:  Child return code was: 0
DEBUG util.py:717:  child environment: None
DEBUG file_util.py:17:  ensuring that dir exists: /var/lib/mock/centos+epel-7-x86_64/root/proc
DEBUG util.py:717:  child environment: None
DEBUG util.py:636:  Executing command: ['/bin/mount', '-n', '-t', 'tmpfs', '-o', 'rprivate,mode=0755', 'tmpfs', '/var/lib/mock/centos+epel-7-x86_64/root/proc'] with env {'TERM': 'vt100', 'SHELL': '/bin/sh', 'HOME': '/builddir', 'HOSTNAME': 'mock', 'PATH': '/usr/bin:/bin:/usr/sbin:/sbin', 'LANG': 'C.UTF-8'} and shell False
DEBUG util.py:688:  Child return code was: 0
DEBUG file_util.py:17:  ensuring that dir exists: /var/lib/mock/centos+epel-7-x86_64/root/proc
DEBUG util.py:717:  child environment: None
DEBUG util.py:636:  Executing command: ['/bin/mount', '-n', '-o', 'rbind', '/proc', '/var/lib/mock/centos+epel-7-x86_64/root/proc'] with env {'TERM': 'vt100', 'SHELL': '/bin/sh', 'HOME': '/builddir', 'HOSTNAME': 'mock', 'PATH': '/usr/bin:/bin:/usr/sbin:/sbin', 'LANG': 'C.UTF-8'} and shell False
DEBUG util.py:688:  Child return code was: 0
DEBUG util.py:717:  child environment: None
DEBUG util.py:636:  Executing command: ['/bin/mount', '-n', '-o', 'remount,nodev,noexec,nosuid,readonly,rprivate,rbind', '--target', '/var/lib/mock/centos+epel-7-x86_64/root/proc'] with env {'TERM': 'vt100', 'SHELL': '/bin/sh', 'HOME': '/builddir', 'HOSTNAME': 'mock', 'PATH': '/usr/bin:/bin:/usr/sbin:/sbin', 'LANG': 'C.UTF-8'} and shell False
DEBUG util.py:688:  Child return code was: 0
DEBUG file_util.py:17:  ensuring that dir exists: /var/lib/mock/centos+epel-7-x86_64/root/sys
DEBUG util.py:717:  child environment: None
DEBUG util.py:636:  Executing command: ['/bin/mount', '-n', '-t', 'tmpfs', '-o', 'rprivate,mode=0755', 'tmpfs', '/var/lib/mock/centos+epel-7-x86_64/root/sys'] with env {'TERM': 'vt100', 'SHELL': '/bin/sh', 'HOME': '/builddir', 'HOSTNAME': 'mock', 'PATH': '/usr/bin:/bin:/usr/sbin:/sbin', 'LANG': 'C.UTF-8'} and shell False
DEBUG util.py:688:  Child return code was: 0
DEBUG file_util.py:17:  ensuring that dir exists: /var/lib/mock/centos+epel-7-x86_64/root/sys
DEBUG util.py:717:  child environment: None
DEBUG util.py:636:  Executing command: ['/bin/mount', '-n', '-o', 'rbind', '/sys', '/var/lib/mock/centos+epel-7-x86_64/root/sys'] with env {'TERM': 'vt100', 'SHELL': '/bin/sh', 'HOME': '/builddir', 'HOSTNAME': 'mock', 'PATH': '/usr/bin:/bin:/usr/sbin:/sbin', 'LANG': 'C.UTF-8'} and shell False
DEBUG util.py:688:  Child return code was: 0
DEBUG util.py:717:  child environment: None
DEBUG util.py:636:  Executing command: ['/bin/mount', '-n', '-o', 'remount,nodev,noexec,nosuid,readonly,rprivate,rbind', '--target', '/var/lib/mock/centos+epel-7-x86_64/root/sys'] with env {'TERM': 'vt100', 'SHELL': '/bin/sh', 'HOME': '/builddir', 'HOSTNAME': 'mock', 'PATH': '/usr/bin:/bin:/usr/sbin:/sbin', 'LANG': 'C.UTF-8'} and shell False
DEBUG util.py:688:  Child return code was: 0
DEBUG file_util.py:17:  ensuring that dir exists: /var/lib/mock/centos+epel-7-x86_64/root/dev/shm
DEBUG util.py:717:  child environment: None
DEBUG util.py:636:  Executing command: ['/bin/mount', '-n', '-t', 'tmpfs', 'tmpfs', '/var/lib/mock/centos+epel-7-x86_64/root/dev/shm'] with env {'TERM': 'vt100', 'SHELL': '/bin/sh', 'HOME': '/builddir', 'HOSTNAME': 'mock', 'PATH': '/usr/bin:/bin:/usr/sbin:/sbin', 'LANG': 'C.UTF-8'} and shell False
DEBUG util.py:688:  Child return code was: 0
DEBUG file_util.py:17:  ensuring that dir exists: /var/lib/mock/centos+epel-7-x86_64/root/dev/pts
DEBUG util.py:717:  child environment: None
DEBUG util.py:636:  Executing command: ['/bin/mount', '-n', '-t', 'devpts', '-o', 'gid=5,mode=0620,ptmxmode=0666,newinstance', 'devpts', '/var/lib/mock/centos+epel-7-x86_64/root/dev/pts'] with env {'TERM': 'vt100', 'SHELL': '/bin/sh', 'HOME': '/builddir', 'HOSTNAME': 'mock', 'PATH': '/usr/bin:/bin:/usr/sbin:/sbin', 'LANG': 'C.UTF-8'} and shell False
DEBUG util.py:688:  Child return code was: 0
DEBUG util.py:717:  child environment: None
DEBUG util.py:636:  Executing command: ['/bin/mount', '-n', '-o', 'bind', '/tmp/mock-selinux-plugin.03hxehv0', '/var/lib/mock/centos+epel-7-x86_64/root/proc/filesystems'] with env {'TERM': 'vt100', 'SHELL': '/bin/sh', 'HOME': '/builddir', 'HOSTNAME': 'mock', 'PATH': '/usr/bin:/bin:/usr/sbin:/sbin', 'LANG': 'C.UTF-8'} and shell False
DEBUG util.py:688:  Child return code was: 0
DEBUG file_util.py:17:  ensuring that dir exists: /var/lib/mock/centos+epel-7-x86_64/root/sys/fs/selinux
DEBUG util.py:717:  child environment: None
DEBUG util.py:636:  Executing command: ['/bin/mount', '-n', '-t', 'tmpfs', 'tmpfs', '/var/lib/mock/centos+epel-7-x86_64/root/sys/fs/selinux'] with env {'TERM': 'vt100', 'SHELL': '/bin/sh', 'HOME': '/builddir', 'HOSTNAME': 'mock', 'PATH': '/usr/bin:/bin:/usr/sbin:/sbin', 'LANG': 'C.UTF-8'} and shell False
DEBUG util.py:688:  Child return code was: 0
DEBUG file_util.py:17:  ensuring that dir exists: /var/lib/mock/centos+epel-7-x86_64-bootstrap/root/var/lib/mock/centos+epel-7-x86_64/root
DEBUG util.py:717:  child environment: None
DEBUG util.py:636:  Executing command: ['/bin/mount', '-n', '-t', 'tmpfs', '-o', 'private,mode=0755', 'tmpfs', '/var/lib/mock/centos+epel-7-x86_64-bootstrap/root/var/lib/mock/centos+epel-7-x86_64/root'] with env {'TERM': 'vt100', 'SHELL': '/bin/sh', 'HOME': '/builddir', 'HOSTNAME': 'mock', 'PATH': '/usr/bin:/bin:/usr/sbin:/sbin', 'LANG': 'C.UTF-8'} and shell False
DEBUG util.py:688:  Child return code was: 0
DEBUG file_util.py:17:  ensuring that dir exists: /var/lib/mock/centos+epel-7-x86_64-bootstrap/root/var/lib/mock/centos+epel-7-x86_64/root
DEBUG util.py:717:  child environment: None
DEBUG util.py:636:  Executing command: ['/bin/mount', '-n', '-o', 'rbind', '/var/lib/mock/centos+epel-7-x86_64/root', '/var/lib/mock/centos+epel-7-x86_64-bootstrap/root/var/lib/mock/centos+epel-7-x86_64/root'] with env {'TERM': 'vt100', 'SHELL': '/bin/sh', 'HOME': '/builddir', 'HOSTNAME': 'mock', 'PATH': '/usr/bin:/bin:/usr/sbin:/sbin', 'LANG': 'C.UTF-8'} and shell False
DEBUG util.py:688:  Child return code was: 0
DEBUG util.py:717:  child environment: None
DEBUG util.py:636:  Executing command: ['/bin/mount', '-n', '-o', 'remount,private,rbind', '--target', '/var/lib/mock/centos+epel-7-x86_64-bootstrap/root/var/lib/mock/centos+epel-7-x86_64/root'] with env {'TERM': 'vt100', 'SHELL': '/bin/sh', 'HOME': '/builddir', 'HOSTNAME': 'mock', 'PATH': '/usr/bin:/bin:/usr/sbin:/sbin', 'LANG': 'C.UTF-8'} and shell False
DEBUG util.py:688:  Child return code was: 0
DEBUG file_util.py:17:  ensuring that dir exists: /var/lib/mock/centos+epel-7-x86_64/root/installation-homedir
DEBUG package_manager.py:296:  ['/usr/bin/yum-builddep', '--installroot', '/var/lib/mock/centos+epel-7-x86_64/root/', '--releasever', '7', '/var/lib/mock/centos+epel-7-x86_64/root//builddir/build/SRPMS/modsecurity-3.0.17-1.el7.src.rpm']
DEBUG util.py:717:  child environment: None
DEBUG util.py:631:  Using nspawn with args ['--capability=cap_ipc_lock', '--resolv-conf=off']
DEBUG util.py:636:  Executing command: ['/usr/bin/systemd-nspawn', '-q', '-M', 'a423c49527a8451381f935e64423e9d4', '-D', '/var/lib/mock/centos+epel-7-x86_64-bootstrap/root', '-a', '--capability=cap_ipc_lock', '--resolv-conf=off', '--setenv=TERM=vt100', '--setenv=SHELL=/bin/bash', '--setenv=HOME=/var/lib/mock/centos+epel-7-x86_64/root/installation-homedir', '--setenv=HOSTNAME=mock', '--setenv=PATH=/usr/bin:/bin:/usr/sbin:/sbin', '--setenv=PROMPT_COMMAND=printf "\\033]0;<mock-chroot>\\007"', '--setenv=PS1=<mock-chroot> \\s-\\v\\$ ', '--setenv=LANG=C.UTF-8', '--setenv=LC_MESSAGES=C.UTF-8', '/usr/bin/yum-builddep', '--installroot', '/var/lib/mock/centos+epel-7-x86_64/root/', '--releasever', '7', '/var/lib/mock/centos+epel-7-x86_64/root//builddir/build/SRPMS/modsecurity-3.0.17-1.el7.src.rpm', '--setopt=tsflags=nocontexts'] with env {'TERM': 'vt100', 'SHELL': '/bin/bash', 'HOME': '/var/lib/mock/centos+epel-7-x86_64/root/installation-homedir', 'HOSTNAME': 'mock', 'PATH': '/usr/bin:/bin:/usr/sbin:/sbin', 'PROMPT_COMMAND': 'printf "\\033]0;<mock-chroot>\\007"', 'PS1': '<mock-chroot> \\s-\\v\\$ ', 'LANG': 'C.UTF-8', 'LC_MESSAGES': 'C.UTF-8', 'SYSTEMD_NSPAWN_TMPFS_TMP': '0', 'SYSTEMD_SECCOMP': '0'} and shell False
DEBUG util.py:535:  Failed to set locale, defaulting to C
DEBUG util.py:537:  base                                                                                                                                                                  | 3.6 kB  00:00:00     
DEBUG util.py:537:  centos-sclo-rh                                                                                                                                                        | 3.0 kB  00:00:00     
DEBUG util.py:537:  centos-sclo-sclo                                                                                                                                                      | 3.0 kB  00:00:00     
DEBUG util.py:537:  epel                                                                                                                                                                  | 4.3 kB  00:00:00     
DEBUG util.py:537:  extras                                                                                                                                                                | 2.9 kB  00:00:00     
DEBUG util.py:537:  mock-localrepo                                                                                                                                                        | 3.0 kB  00:00:00     
DEBUG util.py:537:  updates                                                                                                                                                               | 2.9 kB  00:00:00     
DEBUG util.py:537:  Getting requirements for modsecurity-3.0.17-1.el7.src
DEBUG util.py:537:   --> Already installed : devtoolset-11-gcc-11.2.1-9.1.el7.x86_64
DEBUG util.py:537:   --> Already installed : devtoolset-11-gcc-c++-11.2.1-9.1.el7.x86_64
DEBUG util.py:537:   --> Already installed : devtoolset-11-libstdc++-devel-11.2.1-9.1.el7.x86_64
DEBUG util.py:537:   --> Already installed : 1:pkgconfig-0.27.1-4.el7.x86_64
DEBUG util.py:537:   --> Already installed : 1:make-3.82-24.el7.x86_64
DEBUG util.py:537:   --> Already installed : git-1.8.3.1-25.el7_9.x86_64
DEBUG util.py:537:   --> Already installed : autoconf-2.69-11.el7.noarch
DEBUG util.py:537:   --> Already installed : automake-1.13.4-3.el7.noarch
DEBUG util.py:537:   --> Already installed : libtool-2.4.2-22.el7_3.x86_64
DEBUG util.py:537:   --> Already installed : pcre2-devel-10.23-2.el7.x86_64
DEBUG util.py:537:   --> Already installed : libxml2-devel-2.9.1-6.el7_9.6.x86_64
DEBUG util.py:537:   --> Already installed : yajl-devel-2.0.4-4.el7.x86_64
DEBUG util.py:537:   --> Already installed : libcurl-devel-7.29.0-59.el7_9.2.x86_64
DEBUG util.py:537:   --> Already installed : lmdb-devel-0.9.22-2.el7.x86_64
DEBUG util.py:537:   --> Already installed : zlib-devel-1.2.7-21.el7_9.x86_64
DEBUG util.py:537:  No uninstalled build requires
DEBUG util.py:688:  Child return code was: 0
DEBUG util.py:200:  kill orphans in chroot /var/lib/mock/centos+epel-7-x86_64/root
DEBUG util.py:200:  kill orphans in chroot /var/lib/mock/centos+epel-7-x86_64-bootstrap/root/var/lib/mock/centos+epel-7-x86_64/root
DEBUG util.py:717:  child environment: None
DEBUG util.py:636:  Executing command: ['/bin/umount', '-n', '-l', '/var/lib/mock/centos+epel-7-x86_64-bootstrap/root/var/lib/mock/centos+epel-7-x86_64/root'] with env {'TERM': 'vt100', 'SHELL': '/bin/sh', 'HOME': '/builddir', 'HOSTNAME': 'mock', 'PATH': '/usr/bin:/bin:/usr/sbin:/sbin', 'LANG': 'C.UTF-8'} and shell False
DEBUG util.py:688:  Child return code was: 0
DEBUG util.py:717:  child environment: None
DEBUG util.py:636:  Executing command: ['/bin/umount', '-n', '-l', '/var/lib/mock/centos+epel-7-x86_64-bootstrap/root/var/lib/mock/centos+epel-7-x86_64/root'] with env {'TERM': 'vt100', 'SHELL': '/bin/sh', 'HOME': '/builddir', 'HOSTNAME': 'mock', 'PATH': '/usr/bin:/bin:/usr/sbin:/sbin', 'LANG': 'C.UTF-8'} and shell False
DEBUG util.py:688:  Child return code was: 0
DEBUG util.py:717:  child environment: None
DEBUG util.py:636:  Executing command: ['/bin/umount', '-n', '-l', '/var/lib/mock/centos+epel-7-x86_64/root/sys/fs/selinux'] with env {'TERM': 'vt100', 'SHELL': '/bin/sh', 'HOME': '/builddir', 'HOSTNAME': 'mock', 'PATH': '/usr/bin:/bin:/usr/sbin:/sbin', 'LANG': 'C.UTF-8'} and shell False
DEBUG util.py:688:  Child return code was: 0
DEBUG util.py:717:  child environment: None
DEBUG util.py:636:  Executing command: ['/bin/umount', '-n', '/var/lib/mock/centos+epel-7-x86_64/root/proc/filesystems'] with env {'TERM': 'vt100', 'SHELL': '/bin/sh', 'HOME': '/builddir', 'HOSTNAME': 'mock', 'PATH': '/usr/bin:/bin:/usr/sbin:/sbin', 'LANG': 'C.UTF-8'} and shell False
DEBUG util.py:688:  Child return code was: 0
DEBUG util.py:717:  child environment: None
DEBUG util.py:636:  Executing command: ['/bin/umount', '-n', '-l', '/var/lib/mock/centos+epel-7-x86_64/root/dev/pts'] with env {'TERM': 'vt100', 'SHELL': '/bin/sh', 'HOME': '/builddir', 'HOSTNAME': 'mock', 'PATH': '/usr/bin:/bin:/usr/sbin:/sbin', 'LANG': 'C.UTF-8'} and shell False
DEBUG util.py:688:  Child return code was: 0
DEBUG util.py:717:  child environment: None
DEBUG util.py:636:  Executing command: ['/bin/umount', '-n', '-l', '/var/lib/mock/centos+epel-7-x86_64/root/dev/shm'] with env {'TERM': 'vt100', 'SHELL': '/bin/sh', 'HOME': '/builddir', 'HOSTNAME': 'mock', 'PATH': '/usr/bin:/bin:/usr/sbin:/sbin', 'LANG': 'C.UTF-8'} and shell False
DEBUG util.py:688:  Child return code was: 0
DEBUG util.py:717:  child environment: None
DEBUG util.py:636:  Executing command: ['/bin/umount', '-n', '-l', '/var/lib/mock/centos+epel-7-x86_64/root/sys'] with env {'TERM': 'vt100', 'SHELL': '/bin/sh', 'HOME': '/builddir', 'HOSTNAME': 'mock', 'PATH': '/usr/bin:/bin:/usr/sbin:/sbin', 'LANG': 'C.UTF-8'} and shell False
DEBUG util.py:688:  Child return code was: 0
DEBUG util.py:717:  child environment: None
DEBUG util.py:636:  Executing command: ['/bin/umount', '-n', '-l', '/var/lib/mock/centos+epel-7-x86_64/root/sys'] with env {'TERM': 'vt100', 'SHELL': '/bin/sh', 'HOME': '/builddir', 'HOSTNAME': 'mock', 'PATH': '/usr/bin:/bin:/usr/sbin:/sbin', 'LANG': 'C.UTF-8'} and shell False
DEBUG util.py:688:  Child return code was: 0
DEBUG util.py:717:  child environment: None
DEBUG util.py:636:  Executing command: ['/bin/umount', '-n', '-l', '/var/lib/mock/centos+epel-7-x86_64/root/proc'] with env {'TERM': 'vt100', 'SHELL': '/bin/sh', 'HOME': '/builddir', 'HOSTNAME': 'mock', 'PATH': '/usr/bin:/bin:/usr/sbin:/sbin', 'LANG': 'C.UTF-8'} and shell False
DEBUG util.py:688:  Child return code was: 0
DEBUG util.py:717:  child environment: None
DEBUG util.py:636:  Executing command: ['/bin/umount', '-n', '-l', '/var/lib/mock/centos+epel-7-x86_64/root/proc'] with env {'TERM': 'vt100', 'SHELL': '/bin/sh', 'HOME': '/builddir', 'HOSTNAME': 'mock', 'PATH': '/usr/bin:/bin:/usr/sbin:/sbin', 'LANG': 'C.UTF-8'} and shell False
DEBUG util.py:688:  Child return code was: 0
DEBUG file_util.py:17:  ensuring that dir exists: /var/lib/mock/centos+epel-7-x86_64-bootstrap/root/var/lib/mock/centos+epel-7-x86_64/root
DEBUG util.py:717:  child environment: None
DEBUG util.py:636:  Executing command: ['/bin/mount', '-n', '-t', 'tmpfs', '-o', 'private,mode=0755', 'tmpfs', '/var/lib/mock/centos+epel-7-x86_64-bootstrap/root/var/lib/mock/centos+epel-7-x86_64/root'] with env {'TERM': 'vt100', 'SHELL': '/bin/sh', 'HOME': '/builddir', 'HOSTNAME': 'mock', 'PATH': '/usr/bin:/bin:/usr/sbin:/sbin', 'LANG': 'C.UTF-8'} and shell False
DEBUG util.py:688:  Child return code was: 0
DEBUG file_util.py:17:  ensuring that dir exists: /var/lib/mock/centos+epel-7-x86_64-bootstrap/root/var/lib/mock/centos+epel-7-x86_64/root
DEBUG util.py:717:  child environment: None
DEBUG util.py:636:  Executing command: ['/bin/mount', '-n', '-o', 'rbind', '/var/lib/mock/centos+epel-7-x86_64/root', '/var/lib/mock/centos+epel-7-x86_64-bootstrap/root/var/lib/mock/centos+epel-7-x86_64/root'] with env {'TERM': 'vt100', 'SHELL': '/bin/sh', 'HOME': '/builddir', 'HOSTNAME': 'mock', 'PATH': '/usr/bin:/bin:/usr/sbin:/sbin', 'LANG': 'C.UTF-8'} and shell False
DEBUG util.py:688:  Child return code was: 0
DEBUG util.py:717:  child environment: None
DEBUG util.py:636:  Executing command: ['/bin/mount', '-n', '-o', 'remount,private,rbind', '--target', '/var/lib/mock/centos+epel-7-x86_64-bootstrap/root/var/lib/mock/centos+epel-7-x86_64/root'] with env {'TERM': 'vt100', 'SHELL': '/bin/sh', 'HOME': '/builddir', 'HOSTNAME': 'mock', 'PATH': '/usr/bin:/bin:/usr/sbin:/sbin', 'LANG': 'C.UTF-8'} and shell False
DEBUG util.py:688:  Child return code was: 0
DEBUG util.py:717:  child environment: None
DEBUG util.py:631:  Using nspawn with args ['--capability=cap_ipc_lock', '--resolv-conf=off']
DEBUG util.py:636:  Executing command: ['/usr/bin/systemd-nspawn', '-q', '-M', 'b4f1479ad2a9421b9138d8a221622b55', '-D', '/var/lib/mock/centos+epel-7-x86_64-bootstrap/root', '-a', '--capability=cap_ipc_lock', '--resolv-conf=off', '--setenv=TERM=vt100', '--setenv=SHELL=/bin/bash', '--setenv=HOME=/builddir', '--setenv=HOSTNAME=mock', '--setenv=PATH=/usr/bin:/bin:/usr/sbin:/sbin', '--setenv=PROMPT_COMMAND=printf "\\033]0;<mock-chroot>\\007"', '--setenv=PS1=<mock-chroot> \\s-\\v\\$ ', '--setenv=LANG=C.UTF-8', '/bin/rpm', '-qa', '--root', '/var/lib/mock/centos+epel-7-x86_64/root'] with env {'TERM': 'vt100', 'SHELL': '/bin/bash', 'HOME': '/builddir', 'HOSTNAME': 'mock', 'PATH': '/usr/bin:/bin:/usr/sbin:/sbin', 'PROMPT_COMMAND': 'printf "\\033]0;<mock-chroot>\\007"', 'PS1': '<mock-chroot> \\s-\\v\\$ ', 'LANG': 'C.UTF-8', 'SYSTEMD_NSPAWN_TMPFS_TMP': '0', 'SYSTEMD_SECCOMP': '0'} and shell False
DEBUG util.py:537:  gpg-pubkey-352c64e5-52ae6884
DEBUG util.py:537:  centos-release-7-9.2009.2.el7.centos.x86_64
DEBUG util.py:537:  filesystem-3.2-25.el7.x86_64
DEBUG util.py:537:  python-rpm-macros-3-34.el7.noarch
DEBUG util.py:537:  ncurses-base-5.9-14.20130511.el7_4.noarch
DEBUG util.py:537:  kernel-headers-3.10.0-1160.119.1.el7.x86_64
DEBUG util.py:537:  nss-softokn-freebl-3.90.0-6.el7_9.x86_64
DEBUG util.py:537:  glibc-2.17-326.el7_9.3.x86_64
DEBUG util.py:537:  nss-util-3.90.0-1.el7_9.x86_64
DEBUG util.py:537:  ncurses-libs-5.9-14.20130511.el7_4.x86_64
DEBUG util.py:537:  libsepol-2.5-10.el7.x86_64
DEBUG util.py:537:  libselinux-2.5-15.el7.x86_64
DEBUG util.py:537:  info-5.1-5.el7.x86_64
DEBUG util.py:537:  xz-libs-5.2.2-2.el7_9.x86_64
DEBUG util.py:537:  libdb-5.3.21-25.el7.x86_64
DEBUG util.py:537:  gmp-6.0.0-15.el7.x86_64
DEBUG util.py:537:  libattr-2.4.46-13.el7.x86_64
DEBUG util.py:537:  libcap-2.22-11.el7.x86_64
DEBUG util.py:537:  libgpg-error-1.12-3.el7.x86_64
DEBUG util.py:537:  lua-5.1.4-15.el7.x86_64
DEBUG util.py:537:  mpfr-3.1.1-4.el7.x86_64
DEBUG util.py:537:  libffi-3.0.13-19.el7.x86_64
DEBUG util.py:537:  libcom_err-1.42.9-19.el7.x86_64
DEBUG util.py:537:  xz-5.2.2-2.el7_9.x86_64
DEBUG util.py:537:  findutils-4.5.11-6.el7.x86_64
DEBUG util.py:537:  cpio-2.11-28.el7.x86_64
DEBUG util.py:537:  expat-2.1.0-15.el7_9.x86_64
DEBUG util.py:537:  audit-libs-2.8.5-4.el7.x86_64
DEBUG util.py:537:  sqlite-3.7.17-8.el7_7.1.x86_64
DEBUG util.py:537:  tar-1.26-35.el7.x86_64
DEBUG util.py:537:  lz4-1.8.3-1.el7.x86_64
DEBUG util.py:537:  cpp-4.8.5-44.el7.x86_64
DEBUG util.py:537:  libassuan-2.1.0-3.el7.x86_64
DEBUG util.py:537:  patch-2.7.1-12.el7_7.x86_64
DEBUG util.py:537:  perl-parent-0.225-244.el7.noarch
DEBUG util.py:537:  perl-podlators-2.5.1-3.el7.noarch
DEBUG util.py:537:  perl-Pod-Escapes-1.04-299.el7_9.noarch
DEBUG util.py:537:  perl-Encode-2.51-7.el7.x86_64
DEBUG util.py:537:  perl-Time-HiRes-1.9725-3.el7.x86_64
DEBUG util.py:537:  perl-Storable-2.45-3.el7.x86_64
DEBUG util.py:537:  perl-Filter-1.49-3.el7.x86_64
DEBUG util.py:537:  perl-constant-1.27-2.el7.noarch
DEBUG util.py:537:  perl-macros-5.16.3-299.el7_9.x86_64
DEBUG util.py:537:  perl-File-Path-2.09-2.el7.noarch
DEBUG util.py:537:  perl-PathTools-3.40-5.el7.x86_64
DEBUG util.py:537:  perl-Scalar-List-Utils-1.27-248.el7.x86_64
DEBUG util.py:537:  perl-Pod-Simple-3.28-4.el7.noarch
DEBUG util.py:537:  perl-5.16.3-299.el7_9.x86_64
DEBUG util.py:537:  libdb-utils-5.3.21-25.el7.x86_64
DEBUG util.py:537:  kmod-libs-20-28.el7.x86_64
DEBUG util.py:537:  bzip2-1.0.6-13.el7.x86_64
DEBUG util.py:537:  zip-3.0-11.el7.x86_64
DEBUG util.py:537:  libgomp-4.8.5-44.el7.x86_64
DEBUG util.py:537:  glibc-devel-2.17-326.el7_9.3.x86_64
DEBUG util.py:537:  libstdc++-devel-4.8.5-44.el7.x86_64
DEBUG util.py:537:  libsmartcols-2.23.2-65.el7_9.1.x86_64
DEBUG util.py:537:  libsemanage-2.5-14.el7.x86_64
DEBUG util.py:537:  libtasn1-4.10-1.el7.x86_64
DEBUG util.py:537:  ca-certificates-2023.2.60_v7.0.306-72.el7_9.noarch
DEBUG util.py:537:  qrencode-libs-3.4.1-3.el7.x86_64
DEBUG util.py:537:  openssl-libs-1.0.2k-26.el7_9.x86_64
DEBUG util.py:537:  krb5-libs-1.15.1-55.el7_9.x86_64
DEBUG util.py:537:  gzip-1.5-11.el7_9.x86_64
DEBUG util.py:537:  libmount-2.23.2-65.el7_9.1.x86_64
DEBUG util.py:537:  shared-mime-info-1.8-5.el7.x86_64
DEBUG util.py:537:  shadow-utils-4.6-5.el7.x86_64
DEBUG util.py:537:  cracklib-dicts-2.9.0-11.el7.x86_64
DEBUG util.py:537:  libpwquality-1.2.3-5.el7.x86_64
DEBUG util.py:537:  gcc-4.8.5-44.el7.x86_64
DEBUG util.py:537:  nss-pem-1.0.3-7.el7_9.1.x86_64
DEBUG util.py:537:  nss-sysinit-3.90.0-2.el7_9.x86_64
DEBUG util.py:537:  python-libs-2.7.5-94.el7_9.x86_64
DEBUG util.py:537:  libssh2-1.8.0-4.el7_9.1.x86_64
DEBUG util.py:537:  curl-7.29.0-59.el7_9.2.x86_64
DEBUG util.py:537:  rpm-4.11.3-48.el7_9.x86_64
DEBUG util.py:537:  libuser-0.60-9.el7.x86_64
DEBUG util.py:537:  rpm-build-libs-4.11.3-48.el7_9.x86_64
DEBUG util.py:537:  lua-srpm-macros-1-13.el7.noarch
DEBUG util.py:537:  json-c-0.11-4.el7_0.x86_64
DEBUG util.py:537:  procps-ng-3.3.10-28.el7.x86_64
DEBUG util.py:537:  kpartx-0.4.9-136.el7_9.x86_64
DEBUG util.py:537:  cryptsetup-libs-2.0.3-6.el7.x86_64
DEBUG util.py:537:  kmod-20-28.el7.x86_64
DEBUG util.py:537:  systemd-libs-219-78.el7_9.9.x86_64
DEBUG util.py:537:  systemd-219-78.el7_9.9.x86_64
DEBUG util.py:537:  elfutils-default-yama-scope-0.176-5.el7.noarch
DEBUG util.py:537:  python2-rpm-macros-3-34.el7.noarch
DEBUG util.py:537:  rpm-build-4.11.3-48.el7_9.x86_64
DEBUG util.py:537:  make-3.82-24.el7.x86_64
DEBUG util.py:537:  epel-release-7-14.noarch
DEBUG util.py:537:  fipscheck-1.4.1-6.el7.x86_64
DEBUG util.py:537:  lmdb-libs-0.9.22-2.el7.x86_64
DEBUG util.py:537:  lmdb-0.9.22-2.el7.x86_64
DEBUG util.py:537:  python-IPy-0.75-6.el7.noarch
DEBUG util.py:537:  libselinux-python-2.5-15.el7.x86_64
DEBUG util.py:537:  libcgroup-0.41-21.el7.x86_64
DEBUG util.py:537:  setools-libs-3.3.8-4.el7.x86_64
DEBUG util.py:537:  libedit-3.0-12.20121213cvs.el7.x86_64
DEBUG util.py:537:  pcre2-utf16-10.23-2.el7.x86_64
DEBUG util.py:537:  scl-utils-20130529-19.el7.x86_64
DEBUG util.py:537:  perl-Data-Dumper-2.145-3.el7.x86_64
DEBUG util.py:537:  zlib-devel-1.2.7-21.el7_9.x86_64
DEBUG util.py:537:  policycoreutils-2.5-34.el7.x86_64
DEBUG util.py:537:  perl-TermReadKey-2.30-20.el7.x86_64
DEBUG util.py:537:  git-1.8.3.1-25.el7_9.x86_64
DEBUG util.py:537:  policycoreutils-python-2.5-34.el7.x86_64
DEBUG util.py:537:  devtoolset-11-libstdc++-devel-11.2.1-9.1.el7.x86_64
DEBUG util.py:537:  m4-1.4.16-10.el7.x86_64
DEBUG util.py:537:  automake-1.13.4-3.el7.noarch
DEBUG util.py:537:  yajl-devel-2.0.4-4.el7.x86_64
DEBUG util.py:537:  libxml2-devel-2.9.1-6.el7_9.6.x86_64
DEBUG util.py:537:  lmdb-devel-0.9.22-2.el7.x86_64
DEBUG util.py:537:  devtoolset-11-gcc-11.2.1-9.1.el7.x86_64
DEBUG util.py:537:  gpg-pubkey-f4a80eb5-53a7ff4b
DEBUG util.py:537:  libgcc-4.8.5-44.el7.x86_64
DEBUG util.py:537:  setup-2.8.71-11.el7.noarch
DEBUG util.py:537:  python-srpm-macros-3-34.el7.noarch
DEBUG util.py:537:  basesystem-10.0-7.el7.centos.noarch
DEBUG util.py:537:  perl-srpm-macros-1-8.el7.noarch
DEBUG util.py:537:  tzdata-2024a-1.el7.noarch
DEBUG util.py:537:  glibc-common-2.17-326.el7_9.3.x86_64
DEBUG util.py:537:  nspr-4.35.0-1.el7_9.x86_64
DEBUG util.py:537:  libstdc++-4.8.5-44.el7.x86_64
DEBUG util.py:537:  bash-4.2.46-35.el7_9.x86_64
DEBUG util.py:537:  pcre-8.32-17.el7.x86_64
DEBUG util.py:537:  zlib-1.2.7-21.el7_9.x86_64
DEBUG util.py:537:  bzip2-libs-1.0.6-13.el7.x86_64
DEBUG util.py:537:  elfutils-libelf-0.176-5.el7.x86_64
DEBUG util.py:537:  sed-4.2.2-7.el7.x86_64
DEBUG util.py:537:  popt-1.13-16.el7.x86_64
DEBUG util.py:537:  libacl-2.2.51-15.el7.x86_64
DEBUG util.py:537:  readline-6.2-11.el7.x86_64
DEBUG util.py:537:  libgcrypt-1.5.3-14.el7.x86_64
DEBUG util.py:537:  chkconfig-1.7.6-1.el7.x86_64
DEBUG util.py:537:  grep-2.20-3.el7.x86_64
DEBUG util.py:537:  libuuid-2.23.2-65.el7_9.1.x86_64
DEBUG util.py:537:  libmpc-1.0.1-3.el7.x86_64
DEBUG util.py:537:  gawk-4.0.2-4.el7_3.1.x86_64
DEBUG util.py:537:  diffutils-3.3-6.el7_9.x86_64
DEBUG util.py:537:  file-libs-5.11-37.el7.x86_64
DEBUG util.py:537:  libcap-ng-0.7.5-4.el7.x86_64
DEBUG util.py:537:  p11-kit-0.23.5-3.el7.x86_64
DEBUG util.py:537:  nss-softokn-3.90.0-6.el7_9.x86_64
DEBUG util.py:537:  gdbm-1.10-8.el7.x86_64
DEBUG util.py:537:  file-5.11-37.el7.x86_64
DEBUG util.py:537:  pinentry-0.8.1-17.el7.x86_64
DEBUG util.py:537:  acl-2.2.51-15.el7.x86_64
DEBUG util.py:537:  groff-base-1.22.2-8.el7.x86_64
DEBUG util.py:537:  perl-HTTP-Tiny-0.033-3.el7.noarch
DEBUG util.py:537:  perl-Pod-Perldoc-3.20-4.el7.noarch
DEBUG util.py:537:  perl-Text-ParseWords-3.29-4.el7.noarch
DEBUG util.py:537:  perl-Pod-Usage-1.63-3.el7.noarch
DEBUG util.py:537:  perl-threads-1.87-4.el7.x86_64
DEBUG util.py:537:  perl-Carp-1.26-244.el7.noarch
DEBUG util.py:537:  perl-Exporter-5.68-3.el7.noarch
DEBUG util.py:537:  perl-Socket-2.010-5.el7.x86_64
DEBUG util.py:537:  perl-Time-Local-1.2300-2.el7.noarch
DEBUG util.py:537:  perl-File-Temp-0.23.01-3.el7.noarch
DEBUG util.py:537:  perl-threads-shared-1.43-6.el7.x86_64
DEBUG util.py:537:  perl-libs-5.16.3-299.el7_9.x86_64
DEBUG util.py:537:  perl-Getopt-Long-2.40-3.el7.noarch
DEBUG util.py:537:  perl-Thread-Queue-3.02-2.el7.noarch
DEBUG util.py:537:  dwz-0.11-3.el7.x86_64
DEBUG util.py:537:  libxml2-2.9.1-6.el7_9.6.x86_64
DEBUG util.py:537:  unzip-6.0-24.el7_9.x86_64
DEBUG util.py:537:  libidn-1.28-4.el7.x86_64
DEBUG util.py:537:  glibc-headers-2.17-326.el7_9.3.x86_64
DEBUG util.py:537:  ncurses-5.9-14.20130511.el7_4.x86_64
DEBUG util.py:537:  pth-2.0.7-23.el7.x86_64
DEBUG util.py:537:  ustr-1.0.4-16.el7.x86_64
DEBUG util.py:537:  libverto-0.2.5-4.el7.x86_64
DEBUG util.py:537:  p11-kit-trust-0.23.5-3.el7.x86_64
DEBUG util.py:537:  hardlink-1.0-19.el7.x86_64
DEBUG util.py:537:  keyutils-libs-1.5.8-3.el7.x86_64
DEBUG util.py:537:  coreutils-8.22-24.el7_9.2.x86_64
DEBUG util.py:537:  libblkid-2.23.2-65.el7_9.1.x86_64
DEBUG util.py:537:  cracklib-2.9.0-11.el7.x86_64
DEBUG util.py:537:  glib2-2.56.1-9.el7_9.x86_64
DEBUG util.py:537:  binutils-2.27-44.base.el7_9.1.x86_64
DEBUG util.py:537:  pkgconfig-0.27.1-4.el7.x86_64
DEBUG util.py:537:  pam-1.1.8-23.el7.x86_64
DEBUG util.py:537:  libutempter-1.1.6-4.el7.x86_64
DEBUG util.py:537:  cyrus-sasl-lib-2.1.26-24.el7_9.x86_64
DEBUG util.py:537:  nss-3.90.0-2.el7_9.x86_64
DEBUG util.py:537:  nss-tools-3.90.0-2.el7_9.x86_64
DEBUG util.py:537:  gdb-7.6.1-120.el7.x86_64
DEBUG util.py:537:  libcurl-7.29.0-59.el7_9.2.x86_64
DEBUG util.py:537:  rpm-libs-4.11.3-48.el7_9.x86_64
DEBUG util.py:537:  openldap-2.4.44-25.el7_9.x86_64
DEBUG util.py:537:  gnupg2-2.0.22-5.el7_5.x86_64
DEBUG util.py:537:  perl-generators-epel-1-1.el7.noarch
DEBUG util.py:537:  redhat-rpm-config-9.1.0-88.el7.centos.noarch
DEBUG util.py:537:  util-linux-2.23.2-65.el7_9.1.x86_64
DEBUG util.py:537:  device-mapper-1.02.170-6.el7_9.5.x86_64
DEBUG util.py:537:  device-mapper-libs-1.02.170-6.el7_9.5.x86_64
DEBUG util.py:537:  dracut-033-572.el7.x86_64
DEBUG util.py:537:  elfutils-libs-0.176-5.el7.x86_64
DEBUG util.py:537:  dbus-libs-1.10.24-15.el7.x86_64
DEBUG util.py:537:  dbus-1.10.24-15.el7.x86_64
DEBUG util.py:537:  elfutils-0.176-5.el7.x86_64
DEBUG util.py:537:  epel-rpm-macros-7-38.noarch
DEBUG util.py:537:  gcc-c++-4.8.5-44.el7.x86_64
DEBUG util.py:537:  which-2.20-7.el7.x86_64
DEBUG util.py:537:  python-2.7.5-94.el7_9.x86_64
DEBUG util.py:537:  fipscheck-lib-1.4.1-6.el7.x86_64
DEBUG util.py:537:  perl-Error-0.17020-2.el7.noarch
DEBUG util.py:537:  openssh-7.4p1-23.el7_9.x86_64
DEBUG util.py:537:  libsemanage-python-2.5-14.el7.x86_64
DEBUG util.py:537:  audit-libs-python-2.8.5-4.el7.x86_64
DEBUG util.py:537:  perl-Test-Harness-3.28-3.el7.noarch
DEBUG util.py:537:  pcre2-utf32-10.23-2.el7.x86_64
DEBUG util.py:537:  openssh-clients-7.4p1-23.el7_9.x86_64
DEBUG util.py:537:  xz-devel-5.2.2-2.el7_9.x86_64
DEBUG util.py:537:  less-458-10.el7_9.x86_64
DEBUG util.py:537:  pcre2-10.23-2.el7.x86_64
DEBUG util.py:537:  libselinux-utils-2.5-15.el7.x86_64
DEBUG util.py:537:  rsync-3.1.2-12.el7_9.x86_64
DEBUG util.py:537:  perl-Git-1.8.3.1-25.el7_9.noarch
DEBUG util.py:537:  checkpolicy-2.5-8.el7.x86_64
DEBUG util.py:537:  devtoolset-11-runtime-11.1-2.el7.x86_64
DEBUG util.py:537:  devtoolset-11-binutils-2.36.1-1.el7.2.x86_64
DEBUG util.py:537:  autoconf-2.69-11.el7.noarch
DEBUG util.py:537:  yajl-2.0.4-4.el7.x86_64
DEBUG util.py:537:  libtool-2.4.2-22.el7_3.x86_64
DEBUG util.py:537:  pcre2-devel-10.23-2.el7.x86_64
DEBUG util.py:537:  libcurl-devel-7.29.0-59.el7_9.2.x86_64
DEBUG util.py:537:  devtoolset-11-gcc-c++-11.2.1-9.1.el7.x86_64
DEBUG util.py:688:  Child return code was: 0
DEBUG util.py:200:  kill orphans in chroot /var/lib/mock/centos+epel-7-x86_64/root
DEBUG util.py:200:  kill orphans in chroot /var/lib/mock/centos+epel-7-x86_64-bootstrap/root/var/lib/mock/centos+epel-7-x86_64/root
DEBUG util.py:717:  child environment: None
DEBUG util.py:636:  Executing command: ['/bin/umount', '-n', '-l', '/var/lib/mock/centos+epel-7-x86_64-bootstrap/root/var/lib/mock/centos+epel-7-x86_64/root'] with env {'TERM': 'vt100', 'SHELL': '/bin/sh', 'HOME': '/builddir', 'HOSTNAME': 'mock', 'PATH': '/usr/bin:/bin:/usr/sbin:/sbin', 'LANG': 'C.UTF-8'} and shell False
DEBUG util.py:688:  Child return code was: 0
DEBUG util.py:717:  child environment: None
DEBUG util.py:636:  Executing command: ['/bin/umount', '-n', '-l', '/var/lib/mock/centos+epel-7-x86_64-bootstrap/root/var/lib/mock/centos+epel-7-x86_64/root'] with env {'TERM': 'vt100', 'SHELL': '/bin/sh', 'HOME': '/builddir', 'HOSTNAME': 'mock', 'PATH': '/usr/bin:/bin:/usr/sbin:/sbin', 'LANG': 'C.UTF-8'} and shell False
DEBUG util.py:688:  Child return code was: 0
DEBUG file_util.py:17:  ensuring that dir exists: /var/lib/mock/centos+epel-7-x86_64-bootstrap/root/var/lib/mock/centos+epel-7-x86_64/root
DEBUG util.py:717:  child environment: None
DEBUG util.py:636:  Executing command: ['/bin/mount', '-n', '-t', 'tmpfs', '-o', 'private,mode=0755', 'tmpfs', '/var/lib/mock/centos+epel-7-x86_64-bootstrap/root/var/lib/mock/centos+epel-7-x86_64/root'] with env {'TERM': 'vt100', 'SHELL': '/bin/sh', 'HOME': '/builddir', 'HOSTNAME': 'mock', 'PATH': '/usr/bin:/bin:/usr/sbin:/sbin', 'LANG': 'C.UTF-8'} and shell False
DEBUG util.py:688:  Child return code was: 0
DEBUG file_util.py:17:  ensuring that dir exists: /var/lib/mock/centos+epel-7-x86_64-bootstrap/root/var/lib/mock/centos+epel-7-x86_64/root
DEBUG util.py:717:  child environment: None
DEBUG util.py:636:  Executing command: ['/bin/mount', '-n', '-o', 'rbind', '/var/lib/mock/centos+epel-7-x86_64/root', '/var/lib/mock/centos+epel-7-x86_64-bootstrap/root/var/lib/mock/centos+epel-7-x86_64/root'] with env {'TERM': 'vt100', 'SHELL': '/bin/sh', 'HOME': '/builddir', 'HOSTNAME': 'mock', 'PATH': '/usr/bin:/bin:/usr/sbin:/sbin', 'LANG': 'C.UTF-8'} and shell False
DEBUG util.py:688:  Child return code was: 0
DEBUG util.py:717:  child environment: None
DEBUG util.py:636:  Executing command: ['/bin/mount', '-n', '-o', 'remount,private,rbind', '--target', '/var/lib/mock/centos+epel-7-x86_64-bootstrap/root/var/lib/mock/centos+epel-7-x86_64/root'] with env {'TERM': 'vt100', 'SHELL': '/bin/sh', 'HOME': '/builddir', 'HOSTNAME': 'mock', 'PATH': '/usr/bin:/bin:/usr/sbin:/sbin', 'LANG': 'C.UTF-8'} and shell False
DEBUG util.py:688:  Child return code was: 0
DEBUG util.py:717:  child environment: None
DEBUG util.py:631:  Using nspawn with args ['--capability=cap_ipc_lock', '--resolv-conf=off']
DEBUG util.py:636:  Executing command: ['/usr/bin/systemd-nspawn', '-q', '-M', '2b4d7ed75a8a4e8680c3932235363ea7', '-D', '/var/lib/mock/centos+epel-7-x86_64-bootstrap/root', '-a', '--capability=cap_ipc_lock', '--resolv-conf=off', '--setenv=TERM=vt100', '--setenv=SHELL=/bin/bash', '--setenv=HOME=/builddir', '--setenv=HOSTNAME=mock', '--setenv=PATH=/usr/bin:/bin:/usr/sbin:/sbin', '--setenv=PROMPT_COMMAND=printf "\\033]0;<mock-chroot>\\007"', '--setenv=PS1=<mock-chroot> \\s-\\v\\$ ', '--setenv=LANG=C.UTF-8', '/bin/sh', '-c', "rpm -qa --root '/var/lib/mock/centos+epel-7-x86_64/root' --qf '%{nevra} %{buildtime} %{size} installed\\n'"] with env {'TERM': 'vt100', 'SHELL': '/bin/bash', 'HOME': '/builddir', 'HOSTNAME': 'mock', 'PATH': '/usr/bin:/bin:/usr/sbin:/sbin', 'PROMPT_COMMAND': 'printf "\\033]0;<mock-chroot>\\007"', 'PS1': '<mock-chroot> \\s-\\v\\$ ', 'LANG': 'C.UTF-8', 'SYSTEMD_NSPAWN_TMPFS_TMP': '0', 'SYSTEMD_SECCOMP': '0'} and shell False
DEBUG util.py:537:  gpg-pubkey-352c64e5-52ae6884 1387161732 0 installed
DEBUG util.py:537:  centos-release-7-9.2009.2.el7.centos.x86_64 1716302882 45726 installed
DEBUG util.py:537:  filesystem-3.2-25.el7.x86_64 1523422829 0 installed
DEBUG util.py:537:  python-rpm-macros-3-34.el7.noarch 1602605024 4234 installed
DEBUG util.py:537:  ncurses-base-5.9-14.20130511.el7_4.noarch 1504735709 223432 installed
DEBUG util.py:537:  kernel-headers-3.10.0-1160.119.1.el7.x86_64 1717513295 3948899 installed
DEBUG util.py:537:  nss-softokn-freebl-3.90.0-6.el7_9.x86_64 1697634121 732614 installed
DEBUG util.py:537:  glibc-2.17-326.el7_9.3.x86_64 1717513546 14100922 installed
DEBUG util.py:537:  nss-util-3.90.0-1.el7_9.x86_64 1697632868 203144 installed
DEBUG util.py:537:  ncurses-libs-5.9-14.20130511.el7_4.x86_64 1504735709 1028216 installed
DEBUG util.py:537:  libsepol-2.5-10.el7.x86_64 1540935375 686640 installed
DEBUG util.py:537:  libselinux-2.5-15.el7.x86_64 1585711002 217762 installed
DEBUG util.py:537:  info-5.1-5.el7.x86_64 1523408616 494630 installed
DEBUG util.py:537:  xz-libs-5.2.2-2.el7_9.x86_64 1655304053 239983 installed
DEBUG util.py:537:  libdb-5.3.21-25.el7.x86_64 1565309918 1858144 installed
DEBUG util.py:537:  gmp-1:6.0.0-15.el7.x86_64 1501722795 657046 installed
DEBUG util.py:537:  libattr-2.4.46-13.el7.x86_64 1523407244 19896 installed
DEBUG util.py:537:  libcap-2.22-11.el7.x86_64 1585710513 107365 installed
DEBUG util.py:537:  libgpg-error-1.12-3.el7.x86_64 1402390008 350865 installed
DEBUG util.py:537:  lua-5.1.4-15.el7.x86_64 1478400455 640319 installed
DEBUG util.py:537:  mpfr-3.1.1-4.el7.x86_64 1402362714 554279 installed
DEBUG util.py:537:  libffi-3.0.13-19.el7.x86_64 1585710522 47790 installed
DEBUG util.py:537:  libcom_err-1.42.9-19.el7.x86_64 1601481804 60425 installed
DEBUG util.py:537:  xz-5.2.2-2.el7_9.x86_64 1655304053 798420 installed
DEBUG util.py:537:  findutils-1:4.5.11-6.el7.x86_64 1540917834 1855882 installed
DEBUG util.py:537:  cpio-2.11-28.el7.x86_64 1602604082 689345 installed
DEBUG util.py:537:  expat-2.1.0-15.el7_9.x86_64 1665060754 212427 installed
DEBUG util.py:537:  audit-libs-2.8.5-4.el7.x86_64 1565265980 256386 installed
DEBUG util.py:537:  sqlite-3.7.17-8.el7_7.1.x86_64 1580221787 814303 installed
DEBUG util.py:537:  tar-2:1.26-35.el7.x86_64 1540931349 2838510 installed
DEBUG util.py:537:  lz4-1.8.3-1.el7.x86_64 1601484911 205463 installed
DEBUG util.py:537:  cpp-4.8.5-44.el7.x86_64 1601433759 15636565 installed
DEBUG util.py:537:  libassuan-2.1.0-3.el7.x86_64 1402341240 155391 installed
DEBUG util.py:537:  patch-2.7.1-12.el7_7.x86_64 1571788780 215353 installed
DEBUG util.py:537:  perl-parent-1:0.225-244.el7.noarch 1402384520 8141 installed
DEBUG util.py:537:  perl-podlators-2.5.1-3.el7.noarch 1402343776 287679 installed
DEBUG util.py:537:  perl-Pod-Escapes-1:1.04-299.el7_9.noarch 1612284229 21091 installed
DEBUG util.py:537:  perl-Encode-2.51-7.el7.x86_64 1402368585 10176350 installed
DEBUG util.py:537:  perl-Time-HiRes-4:1.9725-3.el7.x86_64 1402343844 94069 installed
DEBUG util.py:537:  perl-Storable-2.45-3.el7.x86_64 1402367398 181031 installed
DEBUG util.py:537:  perl-Filter-1.49-3.el7.x86_64 1402353954 148475 installed
DEBUG util.py:537:  perl-constant-1.27-2.el7.noarch 1402368682 26364 installed
DEBUG util.py:537:  perl-macros-4:5.16.3-299.el7_9.x86_64 1612283772 5134 installed
DEBUG util.py:537:  perl-File-Path-2.09-2.el7.noarch 1402361289 50067 installed
DEBUG util.py:537:  perl-PathTools-3.40-5.el7.x86_64 1402373476 174131 installed
DEBUG util.py:537:  perl-Scalar-List-Utils-1.27-248.el7.x86_64 1402358220 67994 installed
DEBUG util.py:537:  perl-Pod-Simple-1:3.28-4.el7.noarch 1402365613 538320 installed
DEBUG util.py:537:  perl-4:5.16.3-299.el7_9.x86_64 1612283772 23556436 installed
DEBUG util.py:537:  libdb-utils-5.3.21-25.el7.x86_64 1565309918 322471 installed
DEBUG util.py:537:  kmod-libs-20-28.el7.x86_64 1585709895 91800 installed
DEBUG util.py:537:  bzip2-1.0.6-13.el7.x86_64 1447995892 83791 installed
DEBUG util.py:537:  zip-3.0-11.el7.x86_64 1478364595 815173 installed
DEBUG util.py:537:  libgomp-4.8.5-44.el7.x86_64 1601433759 212144 installed
DEBUG util.py:537:  glibc-devel-2.17-326.el7_9.3.x86_64 1717513546 1066188 installed
DEBUG util.py:537:  libstdc++-devel-4.8.5-44.el7.x86_64 1601433759 8436804 installed
DEBUG util.py:537:  libsmartcols-2.23.2-65.el7_9.1.x86_64 1612283515 168720 installed
DEBUG util.py:537:  libsemanage-2.5-14.el7.x86_64 1540943073 302329 installed
DEBUG util.py:537:  libtasn1-4.10-1.el7.x86_64 1501633297 424486 installed
DEBUG util.py:537:  ca-certificates-2023.2.60_v7.0.306-72.el7_9.noarch 1697462596 2313918 installed
DEBUG util.py:537:  qrencode-libs-3.4.1-3.el7.x86_64 1402343131 126732 installed
DEBUG util.py:537:  openssl-libs-1:1.0.2k-26.el7_9.x86_64 1679328899 3208716 installed
DEBUG util.py:537:  krb5-libs-1.15.1-55.el7_9.x86_64 1669835018 2204184 installed
DEBUG util.py:537:  gzip-1.5-11.el7_9.x86_64 1652367512 250421 installed
DEBUG util.py:537:  libmount-2.23.2-65.el7_9.1.x86_64 1612283515 278157 installed
DEBUG util.py:537:  shared-mime-info-1.8-5.el7.x86_64 1585715455 2379876 installed
DEBUG util.py:537:  shadow-utils-2:4.6-5.el7.x86_64 1565319063 3887289 installed
DEBUG util.py:537:  cracklib-dicts-2.9.0-11.el7.x86_64 1402378933 9389116 installed
DEBUG util.py:537:  libpwquality-1.2.3-5.el7.x86_64 1523419099 332421 installed
DEBUG util.py:537:  gcc-4.8.5-44.el7.x86_64 1601433759 39226437 installed
DEBUG util.py:537:  nss-pem-1.0.3-7.el7_9.1.x86_64 1686238638 209851 installed
DEBUG util.py:537:  nss-sysinit-3.90.0-2.el7_9.x86_64 1697721469 14110 installed
DEBUG util.py:537:  python-libs-2.7.5-94.el7_9.x86_64 1699980234 24719688 installed
DEBUG util.py:537:  libssh2-1.8.0-4.el7_9.1.x86_64 1697462464 191496 installed
DEBUG util.py:537:  curl-7.29.0-59.el7_9.2.x86_64 1702484661 540396 installed
DEBUG util.py:537:  rpm-4.11.3-48.el7_9.x86_64 1637771619 2622621 installed
DEBUG util.py:537:  libuser-0.60-9.el7.x86_64 1523558694 1952592 installed
DEBUG util.py:537:  rpm-build-libs-4.11.3-48.el7_9.x86_64 1637771619 166656 installed
DEBUG util.py:537:  lua-srpm-macros-1-13.el7.noarch 1707738766 1367 installed
DEBUG util.py:537:  json-c-0.11-4.el7_0.x86_64 1403612338 65593 installed
DEBUG util.py:537:  procps-ng-3.3.10-28.el7.x86_64 1601486497 759395 installed
DEBUG util.py:537:  kpartx-0.4.9-136.el7_9.x86_64 1668612098 41267 installed
DEBUG util.py:537:  cryptsetup-libs-2.0.3-6.el7.x86_64 1585707796 1219519 installed
DEBUG util.py:537:  kmod-20-28.el7.x86_64 1585709895 247868 installed
DEBUG util.py:537:  systemd-libs-219-78.el7_9.9.x86_64 1701960714 1262560 installed
DEBUG util.py:537:  systemd-219-78.el7_9.9.x86_64 1701960714 24448450 installed
DEBUG util.py:537:  elfutils-default-yama-scope-0.176-5.el7.noarch 1601569823 1810 installed
DEBUG util.py:537:  python2-rpm-macros-3-34.el7.noarch 1602605024 1495 installed
DEBUG util.py:537:  rpm-build-4.11.3-48.el7_9.x86_64 1637771619 331384 installed
DEBUG util.py:537:  make-1:3.82-24.el7.x86_64 1565311645 1160660 installed
DEBUG util.py:537:  epel-release-7-14.noarch 1630777123 25728 installed
DEBUG util.py:537:  fipscheck-1.4.1-6.el7.x86_64 1501678069 38839 installed
DEBUG util.py:537:  lmdb-libs-0.9.22-2.el7.x86_64 1524556359 98240 installed
DEBUG util.py:537:  lmdb-0.9.22-2.el7.x86_64 1524556359 62880 installed
DEBUG util.py:537:  python-IPy-0.75-6.el7.noarch 1402384709 121946 installed
DEBUG util.py:537:  libselinux-python-2.5-15.el7.x86_64 1585711002 603100 installed
DEBUG util.py:537:  libcgroup-0.41-21.el7.x86_64 1565309664 137130 installed
DEBUG util.py:537:  setools-libs-3.3.8-4.el7.x86_64 1541174023 1917790 installed
DEBUG util.py:537:  libedit-3.0-12.20121213cvs.el7.x86_64 1402353190 244257 installed
DEBUG util.py:537:  pcre2-utf16-10.23-2.el7.x86_64 1501710266 513457 installed
DEBUG util.py:537:  scl-utils-20130529-19.el7.x86_64 1540927077 25141 installed
DEBUG util.py:537:  perl-Data-Dumper-2.145-3.el7.x86_64 1402342616 99287 installed
DEBUG util.py:537:  zlib-devel-1.2.7-21.el7_9.x86_64 1678200548 135536 installed
DEBUG util.py:537:  policycoreutils-2.5-34.el7.x86_64 1585713898 5330379 installed
DEBUG util.py:537:  perl-TermReadKey-2.30-20.el7.x86_64 1402385372 59999 installed
DEBUG util.py:537:  git-1.8.3.1-25.el7_9.x86_64 1684854503 23265295 installed
DEBUG util.py:537:  policycoreutils-python-2.5-34.el7.x86_64 1585713898 1304826 installed
DEBUG util.py:537:  devtoolset-11-libstdc++-devel-11.2.1-9.1.el7.x86_64 1666709505 22524294 installed
DEBUG util.py:537:  m4-1.4.16-10.el7.x86_64 1448004487 525707 installed
DEBUG util.py:537:  automake-1.13.4-3.el7.noarch 1402388331 1731909 installed
DEBUG util.py:537:  yajl-devel-2.0.4-4.el7.x86_64 1402376429 27574 installed
DEBUG util.py:537:  libxml2-devel-2.9.1-6.el7_9.6.x86_64 1634832935 9213393 installed
DEBUG util.py:537:  lmdb-devel-0.9.22-2.el7.x86_64 1524556359 74079 installed
DEBUG util.py:537:  devtoolset-11-gcc-11.2.1-9.1.el7.x86_64 1666709505 79383717 installed
DEBUG util.py:537:  gpg-pubkey-f4a80eb5-53a7ff4b 1403518795 0 installed
DEBUG util.py:537:  libgcc-4.8.5-44.el7.x86_64 1601433759 179272 installed
DEBUG util.py:537:  setup-2.8.71-11.el7.noarch 1585715374 697141 installed
DEBUG util.py:537:  python-srpm-macros-3-34.el7.noarch 1602605024 3838 installed
DEBUG util.py:537:  basesystem-10.0-7.el7.centos.noarch 1403865430 0 installed
DEBUG util.py:537:  perl-srpm-macros-1-8.el7.noarch 1402343091 794 installed
DEBUG util.py:537:  tzdata-2024a-1.el7.noarch 1707923061 1915955 installed
DEBUG util.py:537:  glibc-common-2.17-326.el7_9.3.x86_64 1717513546 226621529 installed
DEBUG util.py:537:  nspr-4.35.0-1.el7_9.x86_64 1697122792 291688 installed
DEBUG util.py:537:  libstdc++-4.8.5-44.el7.x86_64 1601433759 1081666 installed
DEBUG util.py:537:  bash-4.2.46-35.el7_9.x86_64 1637771749 3667724 installed
DEBUG util.py:537:  pcre-8.32-17.el7.x86_64 1501643292 1475532 installed
DEBUG util.py:537:  zlib-1.2.7-21.el7_9.x86_64 1678200548 185206 installed
DEBUG util.py:537:  bzip2-libs-1.0.6-13.el7.x86_64 1447995892 70093 installed
DEBUG util.py:537:  elfutils-libelf-0.176-5.el7.x86_64 1601569823 916150 installed
DEBUG util.py:537:  sed-4.2.2-7.el7.x86_64 1601487357 601267 installed
DEBUG util.py:537:  popt-1.13-16.el7.x86_64 1402373003 88516 installed
DEBUG util.py:537:  libacl-2.2.51-15.el7.x86_64 1585707377 37064 installed
DEBUG util.py:537:  readline-6.2-11.el7.x86_64 1565266059 460424 installed
DEBUG util.py:537:  libgcrypt-1.5.3-14.el7.x86_64 1501689307 597727 installed
DEBUG util.py:537:  chkconfig-1.7.6-1.el7.x86_64 1602604010 779655 installed
DEBUG util.py:537:  grep-2.20-3.el7.x86_64 1501743524 1195131 installed
DEBUG util.py:537:  libuuid-2.23.2-65.el7_9.1.x86_64 1612283515 20278 installed
DEBUG util.py:537:  libmpc-1.0.1-3.el7.x86_64 1402343098 113833 installed
DEBUG util.py:537:  gawk-4.0.2-4.el7_3.1.x86_64 1498686770 2435978 installed
DEBUG util.py:537:  diffutils-3.3-6.el7_9.x86_64 1678200523 1065295 installed
DEBUG util.py:537:  file-libs-5.11-37.el7.x86_64 1601482103 3076741 installed
DEBUG util.py:537:  libcap-ng-0.7.5-4.el7.x86_64 1448001510 50510 installed
DEBUG util.py:537:  p11-kit-0.23.5-3.el7.x86_64 1501889820 1337825 installed
DEBUG util.py:537:  nss-softokn-3.90.0-6.el7_9.x86_64 1697634121 1490440 installed
DEBUG util.py:537:  gdbm-1.10-8.el7.x86_64 1402349948 184322 installed
DEBUG util.py:537:  file-5.11-37.el7.x86_64 1601482103 67368 installed
DEBUG util.py:537:  pinentry-0.8.1-17.el7.x86_64 1478360967 159929 installed
DEBUG util.py:537:  acl-2.2.51-15.el7.x86_64 1585707377 201209 installed
DEBUG util.py:537:  groff-base-1.22.2-8.el7.x86_64 1402345046 3453946 installed
DEBUG util.py:537:  perl-HTTP-Tiny-0.033-3.el7.noarch 1402347217 97210 installed
DEBUG util.py:537:  perl-Pod-Perldoc-3.20-4.el7.noarch 1402388270 166910 installed
DEBUG util.py:537:  perl-Text-ParseWords-3.29-4.el7.noarch 1402348486 16431 installed
DEBUG util.py:537:  perl-Pod-Usage-1.63-3.el7.noarch 1402390579 44671 installed
DEBUG util.py:537:  perl-threads-1.87-4.el7.x86_64 1402377734 98615 installed
DEBUG util.py:537:  perl-Carp-1.26-244.el7.noarch 1402362759 28276 installed
DEBUG util.py:537:  perl-Exporter-5.68-3.el7.noarch 1402373350 56612 installed
DEBUG util.py:537:  perl-Socket-2.010-5.el7.x86_64 1585713790 114497 installed
DEBUG util.py:537:  perl-Time-Local-1.2300-2.el7.noarch 1402342290 44062 installed
DEBUG util.py:537:  perl-File-Temp-0.23.01-3.el7.noarch 1402383789 158781 installed
DEBUG util.py:537:  perl-threads-shared-1.43-6.el7.x86_64 1402380447 73972 installed
DEBUG util.py:537:  perl-libs-4:5.16.3-299.el7_9.x86_64 1612283772 1647320 installed
DEBUG util.py:537:  perl-Getopt-Long-2.40-3.el7.noarch 1523406856 134846 installed
DEBUG util.py:537:  perl-Thread-Queue-3.02-2.el7.noarch 1402347633 27642 installed
DEBUG util.py:537:  dwz-0.11-3.el7.x86_64 1402363547 225103 installed
DEBUG util.py:537:  libxml2-2.9.1-6.el7_9.6.x86_64 1634832935 1706142 installed
DEBUG util.py:537:  unzip-6.0-24.el7_9.x86_64 1642092746 378162 installed
DEBUG util.py:537:  libidn-1.28-4.el7.x86_64 1448125248 630407 installed
DEBUG util.py:537:  glibc-headers-2.17-326.el7_9.3.x86_64 1717513546 2342563 installed
DEBUG util.py:537:  ncurses-5.9-14.20130511.el7_4.x86_64 1504735709 439378 installed
DEBUG util.py:537:  pth-2.0.7-23.el7.x86_64 1448007112 267851 installed
DEBUG util.py:537:  ustr-1.0.4-16.el7.x86_64 1402344766 285943 installed
DEBUG util.py:537:  libverto-0.2.5-4.el7.x86_64 1402386261 23060 installed
DEBUG util.py:537:  p11-kit-trust-0.23.5-3.el7.x86_64 1501889820 437261 installed
DEBUG util.py:537:  hardlink-1:1.0-19.el7.x86_64 1402381564 16545 installed
DEBUG util.py:537:  keyutils-libs-1.5.8-3.el7.x86_64 1402366675 42138 installed
DEBUG util.py:537:  coreutils-8.22-24.el7_9.2.x86_64 1605565499 14594210 installed
DEBUG util.py:537:  libblkid-2.23.2-65.el7_9.1.x86_64 1612283515 265925 installed
DEBUG util.py:537:  cracklib-2.9.0-11.el7.x86_64 1402378933 209610 installed
DEBUG util.py:537:  glib2-2.56.1-9.el7_9.x86_64 1623255133 12174105 installed
DEBUG util.py:537:  binutils-2.27-44.base.el7_9.1.x86_64 1635781157 25181976 installed
DEBUG util.py:537:  pkgconfig-1:0.27.1-4.el7.x86_64 1402351548 105522 installed
DEBUG util.py:537:  pam-1.1.8-23.el7.x86_64 1585713659 2632373 installed
DEBUG util.py:537:  libutempter-1.1.6-4.el7.x86_64 1402365826 49749 installed
DEBUG util.py:537:  cyrus-sasl-lib-2.1.26-24.el7_9.x86_64 1645709263 396919 installed
DEBUG util.py:537:  nss-3.90.0-2.el7_9.x86_64 1697721469 2602849 installed
DEBUG util.py:537:  nss-tools-3.90.0-2.el7_9.x86_64 1697721469 2298363 installed
DEBUG util.py:537:  gdb-7.6.1-120.el7.x86_64 1601482700 7375630 installed
DEBUG util.py:537:  libcurl-7.29.0-59.el7_9.2.x86_64 1702484661 439304 installed
DEBUG util.py:537:  rpm-libs-4.11.3-48.el7_9.x86_64 1637771619 615464 installed
DEBUG util.py:537:  openldap-2.4.44-25.el7_9.x86_64 1645636356 1037056 installed
DEBUG util.py:537:  gnupg2-2.0.22-5.el7_5.x86_64 1531487214 6637796 installed
DEBUG util.py:537:  perl-generators-epel-1-1.el7.noarch 1673423452 298 installed
DEBUG util.py:537:  redhat-rpm-config-9.1.0-88.el7.centos.noarch 1565130322 174572 installed
DEBUG util.py:537:  util-linux-2.23.2-65.el7_9.1.x86_64 1612283515 8482896 installed
DEBUG util.py:537:  device-mapper-7:1.02.170-6.el7_9.5.x86_64 1619616727 342456 installed
DEBUG util.py:537:  device-mapper-libs-7:1.02.170-6.el7_9.5.x86_64 1619616727 404687 installed
DEBUG util.py:537:  dracut-033-572.el7.x86_64 1601481479 905396 installed
DEBUG util.py:537:  elfutils-libs-0.176-5.el7.x86_64 1601569823 808799 installed
DEBUG util.py:537:  dbus-libs-1:1.10.24-15.el7.x86_64 1601481306 362600 installed
DEBUG util.py:537:  dbus-1:1.10.24-15.el7.x86_64 1601481306 594463 installed
DEBUG util.py:537:  elfutils-0.176-5.el7.x86_64 1601569823 835489 installed
DEBUG util.py:537:  epel-rpm-macros-7-38.noarch 1698838918 30959 installed
DEBUG util.py:537:  gcc-c++-4.8.5-44.el7.x86_64 1601433759 17273811 installed
DEBUG util.py:537:  which-2.20-7.el7.x86_64 1402367122 76962 installed
DEBUG util.py:537:  python-2.7.5-94.el7_9.x86_64 1699980234 80835 installed
DEBUG util.py:537:  fipscheck-lib-1.4.1-6.el7.x86_64 1501678069 11466 installed
DEBUG util.py:537:  perl-Error-1:0.17020-2.el7.noarch 1402345189 50015 installed
DEBUG util.py:537:  openssh-7.4p1-23.el7_9.x86_64 1691164853 1991164 installed
DEBUG util.py:537:  libsemanage-python-2.5-14.el7.x86_64 1540943073 451817 installed
DEBUG util.py:537:  audit-libs-python-2.8.5-4.el7.x86_64 1565265980 323427 installed
DEBUG util.py:537:  perl-Test-Harness-3.28-3.el7.noarch 1439389340 607239 installed
DEBUG util.py:537:  pcre2-utf32-10.23-2.el7.x86_64 1501710266 497041 installed
DEBUG util.py:537:  openssh-clients-7.4p1-23.el7_9.x86_64 1691164853 2643152 installed
DEBUG util.py:537:  xz-devel-5.2.2-2.el7_9.x86_64 1655304053 168793 installed
DEBUG util.py:537:  less-458-10.el7_9.x86_64 1718116522 215456 installed
DEBUG util.py:537:  pcre2-10.23-2.el7.x86_64 1501710266 569737 installed
DEBUG util.py:537:  libselinux-utils-2.5-15.el7.x86_64 1585711002 175701 installed
DEBUG util.py:537:  rsync-3.1.2-12.el7_9.x86_64 1671121313 839727 installed
DEBUG util.py:537:  perl-Git-1.8.3.1-25.el7_9.noarch 1684854503 58567 installed
DEBUG util.py:537:  checkpolicy-2.5-8.el7.x86_64 1540936119 1288327 installed
DEBUG util.py:537:  devtoolset-11-runtime-11.1-2.el7.x86_64 1653901150 4044 installed
DEBUG util.py:537:  devtoolset-11-binutils-2.36.1-1.el7.2.x86_64 1652188068 27054795 installed
DEBUG util.py:537:  autoconf-2.69-11.el7.noarch 1402379574 2320371 installed
DEBUG util.py:537:  yajl-2.0.4-4.el7.x86_64 1402376429 116450 installed
DEBUG util.py:537:  libtool-2.4.2-22.el7_3.x86_64 1492024115 2323761 installed
DEBUG util.py:537:  pcre2-devel-10.23-2.el7.x86_64 1501710266 1762782 installed
DEBUG util.py:537:  libcurl-devel-7.29.0-59.el7_9.2.x86_64 1702484661 638991 installed
DEBUG util.py:537:  devtoolset-11-gcc-c++-11.2.1-9.1.el7.x86_64 1666709505 32500236 installed
DEBUG util.py:688:  Child return code was: 0
DEBUG util.py:200:  kill orphans in chroot /var/lib/mock/centos+epel-7-x86_64/root
DEBUG util.py:200:  kill orphans in chroot /var/lib/mock/centos+epel-7-x86_64-bootstrap/root/var/lib/mock/centos+epel-7-x86_64/root
DEBUG util.py:717:  child environment: None
DEBUG util.py:636:  Executing command: ['/bin/umount', '-n', '-l', '/var/lib/mock/centos+epel-7-x86_64-bootstrap/root/var/lib/mock/centos+epel-7-x86_64/root'] with env {'TERM': 'vt100', 'SHELL': '/bin/sh', 'HOME': '/builddir', 'HOSTNAME': 'mock', 'PATH': '/usr/bin:/bin:/usr/sbin:/sbin', 'LANG': 'C.UTF-8'} and shell False
DEBUG util.py:688:  Child return code was: 0
DEBUG util.py:717:  child environment: None
DEBUG util.py:636:  Executing command: ['/bin/umount', '-n', '-l', '/var/lib/mock/centos+epel-7-x86_64-bootstrap/root/var/lib/mock/centos+epel-7-x86_64/root'] with env {'TERM': 'vt100', 'SHELL': '/bin/sh', 'HOME': '/builddir', 'HOSTNAME': 'mock', 'PATH': '/usr/bin:/bin:/usr/sbin:/sbin', 'LANG': 'C.UTF-8'} and shell False
DEBUG util.py:688:  Child return code was: 0
DEBUG util.py:717:  child environment: None
DEBUG backend.py:763:  Copying packages to result dir
DEBUG util.py:200:  kill orphans in chroot /var/lib/mock/centos+epel-7-x86_64/root
DEBUG util.py:717:  child environment: None
DEBUG util.py:636:  Executing command: ['/bin/umount', '-n', '/var/lib/mock/centos+epel-7-x86_64/root/root/mock-localrepo'] with env {'TERM': 'vt100', 'SHELL': '/bin/sh', 'HOME': '/builddir', 'HOSTNAME': 'mock', 'PATH': '/usr/bin:/bin:/usr/sbin:/sbin', 'LANG': 'C.UTF-8'} and shell False
DEBUG util.py:688:  Child return code was: 0
DEBUG util.py:717:  child environment: None
DEBUG util.py:636:  Executing command: ['/bin/umount', '-n', '/var/lib/mock/centos+epel-7-x86_64/root/var/cache/dnf'] with env {'TERM': 'vt100', 'SHELL': '/bin/sh', 'HOME': '/builddir', 'HOSTNAME': 'mock', 'PATH': '/usr/bin:/bin:/usr/sbin:/sbin', 'LANG': 'C.UTF-8'} and shell False
DEBUG util.py:688:  Child return code was: 0
DEBUG util.py:717:  child environment: None
DEBUG util.py:636:  Executing command: ['/bin/umount', '-n', '/var/lib/mock/centos+epel-7-x86_64/root/var/cache/yum'] with env {'TERM': 'vt100', 'SHELL': '/bin/sh', 'HOME': '/builddir', 'HOSTNAME': 'mock', 'PATH': '/usr/bin:/bin:/usr/sbin:/sbin', 'LANG': 'C.UTF-8'} and shell False
DEBUG util.py:688:  Child return code was: 0
DEBUG util.py:200:  kill orphans in chroot /var/lib/mock/centos+epel-7-x86_64-bootstrap/root
DEBUG util.py:717:  child environment: None
DEBUG util.py:636:  Executing command: ['/bin/umount', '-n', '/var/lib/mock/centos+epel-7-x86_64-bootstrap/root/root/mock-localrepo'] with env {'TERM': 'vt100', 'SHELL': '/bin/sh', 'HOME': '/builddir', 'HOSTNAME': 'mock', 'PATH': '/usr/bin:/bin:/usr/sbin:/sbin', 'LANG': 'C.UTF-8'} and shell False
DEBUG util.py:688:  Child return code was: 0
DEBUG util.py:717:  child environment: None
DEBUG util.py:636:  Executing command: ['/bin/umount', '-n', '/var/lib/mock/centos+epel-7-x86_64-bootstrap/root/var/cache/dnf'] with env {'TERM': 'vt100', 'SHELL': '/bin/sh', 'HOME': '/builddir', 'HOSTNAME': 'mock', 'PATH': '/usr/bin:/bin:/usr/sbin:/sbin', 'LANG': 'C.UTF-8'} and shell False
DEBUG util.py:688:  Child return code was: 0
DEBUG util.py:717:  child environment: None
DEBUG util.py:636:  Executing command: ['/bin/umount', '-n', '/var/lib/mock/centos+epel-7-x86_64-bootstrap/root/var/cache/yum'] with env {'TERM': 'vt100', 'SHELL': '/bin/sh', 'HOME': '/builddir', 'HOSTNAME': 'mock', 'PATH': '/usr/bin:/bin:/usr/sbin:/sbin', 'LANG': 'C.UTF-8'} and shell False
DEBUG util.py:688:  Child return code was: 0
